Youtuber,subscribers,video views,video count,category,started,username,Youtube Url,Audience Country,Avg. Likes,Avg. Comments,ID
T-Series,222000000,198459090822,17317,Music,2006,tseries,http://youtube.com/channel/UCq-Fj5jknLsUf-MWSy4_brA,India,1700.0,108.0,UCq-Fj5jknLsUf-MWSy4_brA
PewDiePie,111000000,28469458228,4497,Gaming,2010,PewDiePie,http://youtube.com/channel/UC-lHJZR3Gqxm24_Vd_AJ5Yw,United States,244000.0,11400.0,UC-lHJZR3Gqxm24_Vd_AJ5Yw
MrBeast,102000000,16832456681,726,Entertainment,2012,MrBeast6000,http://youtube.com/channel/UCX6OQ3DkcsbYNE6H8uQQuVA,United States,2100000.0,78500.0,UCX6OQ3DkcsbYNE6H8uQQuVA
WWE,90200000,70544743313,63077,Sports,2007,WWEFanNation,http://youtube.com/channel/UCJ5v_MCY6GNUBTO8-D3XoAg,United States,6600.0,307.0,UCJ5v_MCY6GNUBTO8-D3XoAg
Zee Music Company,86700000,49067711243,6603,Music,2014,zeemusiccompany,http://youtube.com/channel/UCFFbwnve3yF62-tVXkTyHqg,India,4900.0,166.0,UCFFbwnve3yF62-tVXkTyHqg
BANGTANTV,70000000,17471090750,1787,Music,2012,BANGTANTV,http://youtube.com/channel/UCLkAepWjdylmXSltofFvsYQ,India,766300.0,8400.0,UCLkAepWjdylmXSltofFvsYQ
Canal KondZilla,65900000,36576704790,2313,Music,2012,CanalKondZilla,http://youtube.com/channel/UCffDXn7ycAzwL2LDlbyWOTw,Brazil,2300.0,105.0,UCffDXn7ycAzwL2LDlbyWOTw
Shemaroo Filmi Gaane,61300000,28579945247,7884,Music,2010,filmigaane,http://youtube.com/channel/UCP6uH_XlsxrXwZQ4DlqbqPg,India,446.0,19.0,UCP6uH_XlsxrXwZQ4DlqbqPg
Dude Perfect,58100000,14742860905,297,Sports,2009,corycotton,http://youtube.com/channel/UCRijo3ddMTht_IHyNSNXpNQ,United States,316200.0,11800.0,UCRijo3ddMTht_IHyNSNXpNQ
Movieclips,57600000,58839819120,39202,Film & Animation,2006,movieclips,http://youtube.com/channel/UC3gNmTGu-TTbFPpfSs5kNkg,United States,197.0,7.0,UC3gNmTGu-TTbFPpfSs5kNkg
Marshmello,55700000,13445424556,401,Entertainment,2015,Marshmello,http://youtube.com/channel/UCEdvpU2pFRCVqU6yIPyTpMQ,United States,13600.0,310.0,UCEdvpU2pFRCVqU6yIPyTpMQ
EminemMusic,53000000,23717869724,140,Music,2007,EminemMusic,http://youtube.com/channel/UCfM3zsQsOnfWNUppiycmBuw,United States,928100.0,49200.0,UCfM3zsQsOnfWNUppiycmBuw
Aaj Tak,52900000,20204939173,196497,News & Politics,2009,aajtaktv,http://youtube.com/channel/UCt4t-jeY85JegMlZ-E5UWtA,India,138.0,16.0,UCt4t-jeY85JegMlZ-E5UWtA
Tips Official,52800000,27883080973,3612,Music,2007,tipsmusic,http://youtube.com/channel/UCJrDMFOdv1I2k8n9oK_V21w,India,2300.0,62.0,UCJrDMFOdv1I2k8n9oK_V21w
T-Series Bhakti Sagar,52500000,24278576197,23870,Music,2011,tseriesbhakti,http://youtube.com/channel/UCaayLD9i5x4MmIoVZxXSv_g,India,555.0,40.0,UCaayLD9i5x4MmIoVZxXSv_g
Sony Music India,52400000,24856641898,3180,Music,2009,sonymusicindiaSME,http://youtube.com/channel/UC56gTxNs4f9xZ7Pa2i5xNzg,India,3400.0,121.0,UC56gTxNs4f9xZ7Pa2i5xNzg
YRF,47600000,29366788406,3289,Film & Animation,2006,yrf,http://youtube.com/channel/UCbTLwN10NoCU4WDzLf1JMOA,India,12800.0,251.0,UCbTLwN10NoCU4WDzLf1JMOA
JuegaGerman,46100000,13698034536,1959,Gaming,2013,JuegaGerman,http://youtube.com/channel/UCYiGq8XF7YQD00x7wAd62Zg,Mexico,150800.0,3200.0,UCYiGq8XF7YQD00x7wAd62Zg
BRIGHT SIDE,43900000,10058536263,4540,Howto & Style,2017,BRIGHT SIDE,http://youtube.com/channel/UC4rlAVgAK0SGk-yTfe48Qpw,United States,1400.0,107.0,UC4rlAVgAK0SGk-yTfe48Qpw
whinderssonnunes,43900000,4120078906,521,Comedy,2013,whinderssonnunes,http://youtube.com/channel/UC3KQ5GWANYF8lChqjZpXsQw,Brazil,798800.0,26100.0,UC3KQ5GWANYF8lChqjZpXsQw
SonyMusicIndiaVEVO,42700000,23991411417,3309,Music,2009,sonymusicindiaVEVO,http://youtube.com/channel/UC3MLnJtqc_phABBriLRhtgQ,India,481.0,39.0,UC3MLnJtqc_phABBriLRhtgQ
Bad Bunny,42500000,23748805401,123,Music,2014,Bad Bunny,http://youtube.com/channel/UCmBA_wu8xGg1OfOkfW13Q0Q,Mexico,1800000.0,43500.0,UCmBA_wu8xGg1OfOkfW13Q0Q
Alan Walker,42200000,11731228995,318,Music,2012,DjWalkzz,http://youtube.com/channel/UCJrOtniJ0-NWz37R30urifQ,United States,28200.0,1700.0,UCJrOtniJ0-NWz37R30urifQ
Speed Records,40800000,24558172214,10327,Music,2012,speedrecordss,http://youtube.com/channel/UCOsyDsO5tIt-VZ1iwjdQmew,India,1400.0,65.0,UCOsyDsO5tIt-VZ1iwjdQmew
GR6 EXPLODE,37600000,23912270526,4180,Music,2014,gr6explode,http://youtube.com/channel/UCNUQK9mQoqi4yNXw2_Rj6SA,Brazil,4700.0,123.0,UCNUQK9mQoqi4yNXw2_Rj6SA
Kimberly Loaiza,37200000,4254148920,206,People & Blogs,2016,Kimberly Loaiza,http://youtube.com/channel/UCQZfFRohQ7UX-0CdXl-6pwQ,Mexico,489100.0,38500.0,UCQZfFRohQ7UX-0CdXl-6pwQ
Mikecrack,33500000,13775632479,1727,Gaming,2015,Mikecrack,http://youtube.com/channel/UCqJ5zFEED1hWs0KNQCQuYdQ,Mexico,297000.0,3000.0,UCqJ5zFEED1hWs0KNQCQuYdQ
VEGETTA777,33400000,14948682643,7130,Gaming,2008,vegetta777,http://youtube.com/channel/UCam8T03EOFBsNdR0thrFHdQ,Mexico,25900.0,257.0,UCam8T03EOFBsNdR0thrFHdQ
Markiplier,33300000,18701808550,5200,Gaming,2012,markiplierGAME,http://youtube.com/channel/UC7_YxT-KID8kRbqZo7MyscQ,United States,167500.0,6900.0,UC7_YxT-KID8kRbqZo7MyscQ
ABP NEWS,33200000,10421462788,224455,People & Blogs,2012,abpnewstv,http://youtube.com/channel/UCRWFSbif-RFENbBrSiez1DA,India,45.0,4.0,UCRWFSbif-RFENbBrSiez1DA
Geet MP3,32800000,11575367431,563,Music,2016,Geet MP3,http://youtube.com/channel/UClZF7OsrECe3t_ADrjZEh_Q,India,26600.0,686.0,UClZF7OsrECe3t_ADrjZEh_Q
NoCopyrightSounds,32700000,10436881173,1116,Music,2011,NoCopyrightSounds,http://youtube.com/channel/UC_aEa8K-EOJ3D6gOs7HcyNg,United States,14600.0,1100.0,UC_aEa8K-EOJ3D6gOs7HcyNg
SSSniperWolf,32500000,20583922757,3095,Gaming,2013,SSSniperWolf,http://youtube.com/channel/UCpB959t8iPrxQWj7G6n0ctQ,United States,114400.0,6600.0,UCpB959t8iPrxQWj7G6n0ctQ
T-Series Apna Punjab,32300000,18933492606,6524,Music,2011,tseriesapnapunjab,http://youtube.com/channel/UCcvNYxWXR_5TjVK7cSCdW-g,India,906.0,52.0,UCcvNYxWXR_5TjVK7cSCdW-g
IndiaTV,31900000,13417041251,237971,News & Politics,2006,IndiaTV,http://youtube.com/channel/UCttspZesZIDEwwpVIgoZtWQ,India,191.0,23.0,UCttspZesZIDEwwpVIgoZtWQ
GENIAL,31400000,6362416164,5453,Howto & Style,2017,GENIAL,http://youtube.com/channel/UCbrd1vu4_7qIE6IPV_dA-OA,Mexico,1700.0,54.0,UCbrd1vu4_7qIE6IPV_dA-OA
SMTOWN,30800000,25203004950,3951,Music,2006,SMTOWN,http://youtube.com/channel/UCEf_Bc-KVd7onSeifS3py9g,United States,38400.0,930.0,UCEf_Bc-KVd7onSeifS3py9g
Bollywood Classics,30600000,19244430138,2008,Music,2012,tseriesoldisgold,http://youtube.com/channel/UCRm96I5kmb_iGFofE5N691w,India,534.0,22.0,UCRm96I5kmb_iGFofE5N691w
Ricis Official,30500000,5134450983,2003,People & Blogs,2016,Ricis Official,http://youtube.com/channel/UC4tS4Q_Cno5JVcIUXxQOOpA,Indonesia,31200.0,1000.0,UC4tS4Q_Cno5JVcIUXxQOOpA
Trap Nation,30400000,13348694779,2472,Music,2012,AllTrapNation,http://youtube.com/channel/UCa10nxShhzNrCE1o2ZOPztg,United States,2400.0,100.0,UCa10nxShhzNrCE1o2ZOPztg
DisneyMusicVEVO,30100000,24693346235,1771,Music,2010,DisneyMusicVEVO,http://youtube.com/channel/UCgwv23FVv3lqh567yagXfNg,United States,661.0,30.0,UCgwv23FVv3lqh567yagXfNg
Saregama Music,29700000,12147894890,5718,Entertainment,2013,SongsOfIndianCinema,http://youtube.com/channel/UC_A7K2dXFsTMAciGmnNxy-Q,India,814.0,43.0,UC_A7K2dXFsTMAciGmnNxy-Q
Spinnin' Records,29600000,20075386002,10826,Music,2007,SpinninRec,http://youtube.com/channel/UCpDJl2EmP7Oh90Vylx0dZtA,United States,2100.0,70.0,UCpDJl2EmP7Oh90Vylx0dZtA
rezendeevil,29600000,12599347383,11571,Gaming,2012,rezendeevil,http://youtube.com/channel/UCbTVTephX30ZhQF5zwFppBg,Brazil,32299.0,604.0,UCbTVTephX30ZhQF5zwFppBg
jacksepticeye,28600000,15485608801,4988,Gaming,2007,jacksepticeye,http://youtube.com/channel/UCYzPXprvl5Y-Sf0g4vX-m6g,United States,117400.0,4800.0,UCYzPXprvl5Y-Sf0g4vX-m6g
Worldwide Records Bhojpuri,28600000,14501468946,5927,Music,2012,WWRBhojpuri,http://youtube.com/channel/UCbomPUMyPHCgrqD5iYnzj1A,India,1500.0,102.0,UCbomPUMyPHCgrqD5iYnzj1A
Ultra Music,28600000,16201384834,4665,Music,2006,UltraRecords,http://youtube.com/channel/UC4rasfm9J-X4jNl9SvXp8xA,United States,821.0,38.0,UC4rasfm9J-X4jNl9SvXp8xA
Zee News,26700000,12175851183,144314,News & Politics,2007,zeenews,http://youtube.com/channel/UCIvaYmXn910QMdemBG3v1pQ,India,537.0,38.0,UCIvaYmXn910QMdemBG3v1pQ
Wiz Khalifa,26400000,12528940373,598,Music,2008,taylorgangent,http://youtube.com/channel/UCVp3nfGRxmMadNDuVbJSk8A,United States,14600.0,835.0,UCVp3nfGRxmMadNDuVbJSk8A
DanTDM,26200000,18809615646,3603,Gaming,2012,TheDiamondMinecart,http://youtube.com/channel/UCS5Oz6CHmeoF7vSad0qqXfw,United States,63300.0,5000.0,UCS5Oz6CHmeoF7vSad0qqXfw
Aditya Music,26100000,22661822099,19992,Music,2008,adityamusic,http://youtube.com/channel/UCNApqoVYJbYSrni4YsbXzyQ,India,1200.0,23.0,UCNApqoVYJbYSrni4YsbXzyQ
Lucas and Marcus,26100000,7942766503,968,Entertainment,2011,TwiNboTzVids,http://youtube.com/channel/UCwD4x63A9KC7Si2RuSfg-SA,United States,28200.0,1300.0,UCwD4x63A9KC7Si2RuSfg-SA
WORLDSTARHIPHOP,25900000,19426357466,6259,Music,2008,WorldStarHipHopTV,http://youtube.com/channel/UC-yXuc1__OzjwpsJPlxYUCQ,United States,1700.0,176.0,UC-yXuc1__OzjwpsJPlxYUCQ
VanossGaming,25700000,14907579962,1581,Gaming,2011,VanossGaming,http://youtube.com/channel/UCKqH_9mk1waLgBiL2vT5b9g,United States,59000.0,594.0,UCKqH_9mk1waLgBiL2vT5b9g
LosPolinesios,25600000,7086413849,725,People & Blogs,2012,LosPolinesios,http://youtube.com/channel/UCs8qka8tfhdc69wzXYdtZ3A,Mexico,66500.0,3300.0,UCs8qka8tfhdc69wzXYdtZ3A
Renato Garcia,25400000,6901320769,3648,Entertainment,2011,xSkyHeLLxx,http://youtube.com/channel/UChMJkHCD2wdvSO7CMOuLR-w,Brazil,113700.0,1700.0,UChMJkHCD2wdvSO7CMOuLR-w
Smosh,25000000,10184035967,1366,Comedy,2005,smosh,http://youtube.com/channel/UCY30JRSgfhYXA6i6xX1erWg,United States,17300.0,558.0,UCY30JRSgfhYXA6i6xX1erWg
Jess No Limit,24700000,3060187306,1914,Entertainment,2017,Jess No Limit,http://youtube.com/channel/UCvh1at6xpV1ytYOAzxmqUsA,Indonesia,15100.0,1200.0,UCvh1at6xpV1ytYOAzxmqUsA
WatchMojo.com,24600000,15650528115,22492,Music,2007,WatchMojo,http://youtube.com/channel/UCaWd5_7JhbQBe4dknZhsHJg,United States,2100.0,268.0,UCaWd5_7JhbQBe4dknZhsHJg
David Guetta,24300000,15959928823,633,Music,2009,davidguettavevo,http://youtube.com/channel/UC1l7wYrva1qCH-wgqcHaaRg,Brazil,7000.0,286.0,UC1l7wYrva1qCH-wgqcHaaRg
Netflix,24300000,5678834326,5650,Entertainment,2012,NewOnNetflix,http://youtube.com/channel/UCWOA1ZGywLbqmigxE4Qlvuw,United States,12100.0,421.0,UCWOA1ZGywLbqmigxE4Qlvuw
Raffy Tulfo in Action,23900000,12797189774,8755,News & Politics,2016,Raffy Tulfo in Action,http://youtube.com/channel/UCxhygwqQ1ZMoBGQM2yEcNug,Philippines,10900.0,1100.0,UCxhygwqQ1ZMoBGQM2yEcNug
James Charles,23900000,3687600020,406,Entertainment,2015,James Charles,http://youtube.com/channel/UCucot-Zp428OwkyRm2I7v2Q,United States,50300.0,1800.0,UCucot-Zp428OwkyRm2I7v2Q
Ninja,23900000,2447087199,1418,Gaming,2011,NinjasHyper,http://youtube.com/channel/UCAW-NpUFkMyCNrvRSSGIvDQ,United States,9800.0,645.0,UCAW-NpUFkMyCNrvRSSGIvDQ
Coldplay,23500000,15078170011,347,Music,2010,ColdplayVEVO,http://youtube.com/channel/UCDPM_n1atn2ijUwHd0NNRQw,United States,3800.0,90.0,UCDPM_n1atn2ijUwHd0NNRQw
TRANS7 OFFICIAL,23300000,12454676964,78951,Entertainment,2014,TRANS7indonesia,http://youtube.com/channel/UC24_Z2L-8Ki183AI9zJJzNQ,Indonesia,80.0,8.0,UC24_Z2L-8Ki183AI9zJJzNQ
Mister Max,23100000,14762469807,1046,People & Blogs,2014,Mister Max,http://youtube.com/channel/UC_8PAD0Qmi6_gpe77S1Atgg,Russia,45400.0,719.0,UC_8PAD0Qmi6_gpe77S1Atgg
NickyJamTV,23100000,15050718616,328,Music,2012,NickyJamTV,http://youtube.com/channel/UCpb_iJuhFe8V6rQdbNqfAlQ,Colombia,6900.0,268.0,UCpb_iJuhFe8V6rQdbNqfAlQ
netd müzik,22800000,50658927334,20482,Music,2014,netdmuzikk,http://youtube.com/channel/UCR5wZcXtOUka8jTA57flzMg,Turkey,311.0,54.0,UCR5wZcXtOUka8jTA57flzMg
Jelly,22800000,14239994409,5667,Gaming,2014,JellyYT,http://youtube.com/channel/UC0DZmkupLYwc0yDsfocLh0A,United States,9600.0,357.0,UC0DZmkupLYwc0yDsfocLh0A
Miss Katy,22300000,13424354473,990,People & Blogs,2014,Miss Katy,http://youtube.com/channel/UCcartHVtvAUzfajflyeT_Gg,Russia,25400.0,925.0,UCcartHVtvAUzfajflyeT_Gg
Frost Diamond,22300000,5357578673,2191,Gaming,2014,Frost Diamond,http://youtube.com/channel/UC4hGmH5sABOA70D4fGb8qNQ,Indonesia,35000.0,1600.0,UC4hGmH5sABOA70D4fGb8qNQ
The Lallantop,22200000,8155335430,39370,News & Politics,2015,The Lallantop,http://youtube.com/channel/UCx8Z14PpntdaxCt2hakbQLQ,India,717.0,113.0,UCx8Z14PpntdaxCt2hakbQLQ
GMM GRAMMY OFFICIAL,22100000,24128528075,13755,Music,2010,gmmgrammyofficial,http://youtube.com/channel/UCG9gfnA5UDoLvz-tC9B-HKw,Thailand,63.0,3.0,UCG9gfnA5UDoLvz-tC9B-HKw
White Hill Music,21700000,9719487276,5094,Entertainment,2014,WHBBP,http://youtube.com/channel/UCopY0NAzASqmD6eVaRj2TFQ,India,1000.0,47.0,UCopY0NAzASqmD6eVaRj2TFQ
Paulo Londra,21700000,7061442001,52,Music,2016,Paulo Londra,http://youtube.com/channel/UCzI7wZyqk7jpXWT_MILjepw,Argentina,982900.0,28800.0,UCzI7wZyqk7jpXWT_MILjepw
America's Got Talent,21700000,4016933296,2751,Entertainment,2006,AmericasGotTalent,http://youtube.com/channel/UCT2X19JJaJGUN7mrYuImANQ,United States,19100.0,622.0,UCT2X19JJaJGUN7mrYuImANQ
FaZe Rug,21500000,6009951177,1997,Gaming,2012,oRugrat,http://youtube.com/channel/UCilwZiBBfI9X6yiZRzWty8Q,United States,112500.0,6900.0,UCilwZiBBfI9X6yiZRzWty8Q
Pen Movies,21200000,5588648749,1569,Film & Animation,2014,PenIndiaPvtLimited,http://youtube.com/channel/UC3ar28GS6o1p0m_wabfk2zw,India,1900.0,113.0,UC3ar28GS6o1p0m_wabfk2zw
Enaldinho,21100000,7382859153,2908,Comedy,2012,TheEnaldinhO,http://youtube.com/channel/UC2bYhAHyaqfWlPXWBVk4BcA,Brazil,31500.0,453.0,UC2bYhAHyaqfWlPXWBVk4BcA
SSundee,21000000,12022708572,3067,Gaming,2009,SSundee,http://youtube.com/channel/UCke6I9N4KfC968-yRcd5YRg,United States,103800.0,3500.0,UCke6I9N4KfC968-yRcd5YRg
Tasty,21000000,5508445771,4310,Howto & Style,2016,Tasty,http://youtube.com/channel/UCJFp8uSYCjXOMnkUyb3CQ3Q,United States,8700.0,348.0,UCJFp8uSYCjXOMnkUyb3CQ3Q
FGTeeV,20900000,22567064225,1594,Gaming,2013,FGTeeV,http://youtube.com/channel/UCC-RHF_77zQdKcA75hr5oTQ,United States,17400.0,2200.0,UCC-RHF_77zQdKcA75hr5oTQ
Juan De Dios Pantoja,20900000,1601142353,175,Entertainment,2014,Juan De Dios Pantoja,http://youtube.com/channel/UCzoUWqjCbcfWFdOMvoep8FA,Mexico,286400.0,4600.0,UCzoUWqjCbcfWFdOMvoep8FA
Charlie Puth,20700000,8609202215,132,Music,2009,CharliesVlogs,http://youtube.com/channel/UCwppdrjsBPAZg5_cUwQjfMQ,United States,5800000.0,367600.0,UCwppdrjsBPAZg5_cUwQjfMQ
Jake Paul,20400000,7219140294,934,People & Blogs,2013,JakePaulProductions,http://youtube.com/channel/UCcgVECVN4OKV6DH1jLkqmcA,United States,63600.0,5100.0,UCcgVECVN4OKV6DH1jLkqmcA
BuzzFeedVideo,20300000,17755714250,7347,People & Blogs,2011,BuzzFeedVideo,http://youtube.com/channel/UCpko_-a4wgz2u_DgDgd9fqA,United States,747.0,105.0,UCpko_-a4wgz2u_DgDgd9fqA
REACT,20100000,12940702514,3885,Entertainment,2007,TheFineBros,http://youtube.com/channel/UC0v-tlzsn0QZwJnkiaUSJVQ,United States,5700.0,355.0,UCHEf6T_gVq4tlW5i91ESiWg
LazarBeam,20100000,8389982773,1258,Gaming,2015,LazarBeam,http://youtube.com/channel/UCw1SQ6QRRtfAhrN_cjkrOgA,United States,143500.0,5000.0,UCw1SQ6QRRtfAhrN_cjkrOgA
AuthenticGames,20100000,8852635760,4638,Gaming,2011,AuthenticGames,http://youtube.com/channel/UCIPA6iWNaoetaa1T46RkzXw,Brazil,3400.0,155.0,UCIPA6iWNaoetaa1T46RkzXw
Rotana,20000000,16480938259,8109,Music,2012,RotanaAudio,http://youtube.com/channel/UCNhqvQMXIgRfjAGmxQqdNRw,Saudi Arabia,2400.0,77.0,UCNhqvQMXIgRfjAGmxQqdNRw
SlivkiShow,20000000,4345234891,426,Entertainment,2012,SlivkiChanel,http://youtube.com/channel/UCU_yU4xGT9hrVFo6euH8LLw,Russia,167500.0,16600.0,UCU_yU4xGT9hrVFo6euH8LLw
Mnet K-POP,19800000,15394134862,29028,Entertainment,2006,Mnet,http://youtube.com/channel/UCbD8EppRX3ZwJSou-TVo90A,United States,1700.0,81.0,UCbD8EppRX3ZwJSou-TVo90A
Pencilmation,19800000,10849211839,1153,Film & Animation,2007,rossbollinger,http://youtube.com/channel/UCUAL--p3qAa27luR0IYbjZA,United States,5900.0,112.0,UCUAL--p3qAa27luR0IYbjZA
Marvel Entertainment,19500000,5098361752,7989,Entertainment,2005,MARVEL,http://youtube.com/channel/UCvC4D8onUfXzvjTOM-dBfEA,United States,13800.0,536.0,UCvC4D8onUfXzvjTOM-dBfEA
Noor Stars,19500000,2545886796,627,Comedy,2014,Noor Stars,http://youtube.com/channel/UChOPyo-uWLVi5uO53mSBX-w,Iraq,118200.0,6300.0,UChOPyo-uWLVi5uO53mSBX-w
GMA Public Affairs,19400000,11968987179,37390,Entertainment,2009,gmapublicaffairs,http://youtube.com/channel/UCj5RwDivLksanrNvkW0FB4w,Philippines,101.0,7.0,UCj5RwDivLksanrNvkW0FB4w
Gordon Ramsay,19300000,3631748240,1287,Entertainment,2006,gordonramsay,http://youtube.com/channel/UCIEv3lZ_tNXHzL3ox-_uUGQ,United States,4700.0,307.0,UCIEv3lZ_tNXHzL3ox-_uUGQ
Infinite,19200000,4383533818,1517,Entertainment,2014,Infinite,http://youtube.com/channel/UC_hSjGOO67A6gIDUcyuv_8A,United States,55700.0,5300.0,UC_hSjGOO67A6gIDUcyuv_8A
Robin Hood Gamer,19100000,9328209625,3750,Entertainment,2014,RobinHoodGamer1,http://youtube.com/channel/UCYtaoJSk9iIrFxx8eZB15ag,Brazil,77600.0,922.0,UCYtaoJSk9iIrFxx8eZB15ag
Fatos Desconhecidos,19100000,3252868093,5240,Entertainment,2013,fatosdesconhecidos,http://youtube.com/channel/UCbAiIkPobUFy71zlmwVw3jw,Brazil,15500.0,545.0,UCbAiIkPobUFy71zlmwVw3jw
Crafty Panda,19000000,5672497949,613,People & Blogs,2017,Crafty Panda,http://youtube.com/channel/UC03RvJoIhm_fMwlUpm9ZvFw,India,535.0,13.0,UC03RvJoIhm_fMwlUpm9ZvFw
DLS News,19000000,1946197106,3559,News & Politics,2017,DLS News,http://youtube.com/channel/UCw0ry7cLRUnq3Oaszlhgqfg,India,2300.0,179.0,UCw0ry7cLRUnq3Oaszlhgqfg
NBA,18900000,10791851871,42086,Sports,2005,NBA,http://youtube.com/channel/UCWJ2lWNubArHWmf3FIHbfcQ,United States,3000.0,146.0,UCWJ2lWNubArHWmf3FIHbfcQ
Jimmy Kimmel Live,18800000,12472520905,6073,Entertainment,2006,JimmyKimmelLive,http://youtube.com/channel/UCa6vGFO9ty8v5KZJXQxdhaw,United States,3800.0,289.0,UCa6vGFO9ty8v5KZJXQxdhaw
The ACE Family,18800000,4497282091,668,People & Blogs,2016,The ACE Family,http://youtube.com/channel/UCWwWOFsW68TqXE-HZLC3WIA,United States,46900.0,1700.0,UCWwWOFsW68TqXE-HZLC3WIA
Clash of Clans,18800000,3623586697,553,Gaming,2013,OfficialClashOfClans,http://youtube.com/channel/UCD1Em4q90ZUK2R5HKesszJg,United States,78200.0,2000.0,UCD1Em4q90ZUK2R5HKesszJg
Ninja Kidz TV,18700000,9145485770,267,Entertainment,2017,Ninja Kidz TV,http://youtube.com/channel/UCpZ88DWlKW0H_AYDaUZptcw,United States,18800.0,1300.0,UCpZ88DWlKW0H_AYDaUZptcw
Britain's Got Talent,18600000,10512530241,3735,Entertainment,2008,BritainsGotTalent09,http://youtube.com/channel/UCUtZaxDF3hD5VK4xRYFBePQ,United Kingdom,1600.0,42.0,UCUtZaxDF3hD5VK4xRYFBePQ
Cardi B,18500000,7069624864,60,People & Blogs,2016,Cardi B,http://youtube.com/channel/UCxMAbVFmxKUVGAll0WVGpFw,United States,28600.0,2700.0,UCxMAbVFmxKUVGAll0WVGpFw
Sonotek,18300000,7133240982,8169,Entertainment,2011,sonotekvideo,http://youtube.com/channel/UC3zVeAaoPEN1Tu25dW3G2Ig,India,543.0,33.0,UC3zVeAaoPEN1Tu25dW3G2Ig
MiawAug,18200000,5236302709,3287,Gaming,2014,MiawAug,http://youtube.com/channel/UC3J4Q1grz46bdJ7NJLd4DGw,Indonesia,39800.0,3100.0,UC3J4Q1grz46bdJ7NJLd4DGw
CookieSwirlC,18200000,20938593710,3571,Entertainment,2013,CookieSwirlC,http://youtube.com/channel/UCelMeixAOTs2OQAAi9wU8-g,United States,3800.0,619.0,UCelMeixAOTs2OQAAi9wU8-g
Unbox Therapy,18200000,4332532776,2053,Science & Technology,2010,Unbox Therapy,http://youtube.com/channel/UCsTcErHg8oDvUnTzoqsYeNw,United States,8400.0,1200.0,UCsTcErHg8oDvUnTzoqsYeNw
HiMan,18200000,2367699484,326,People & Blogs,2014,HiMan,http://youtube.com/channel/UCM44x9uWlx__9M9Y2IFhxzQ,Russia,166700.0,5200.0,UCM44x9uWlx__9M9Y2IFhxzQ
PDK Films,18100000,3910330714,108,Entertainment,2009,PDKFilms,http://youtube.com/channel/UC-F6LZSWz34xKknY8NNCzgQ,United States,35900.0,1100.0,UC-F6LZSWz34xKknY8NNCzgQ
GEN HALILINTAR,18100000,3178960318,969,Entertainment,2015,GEN HALILINTAR,http://youtube.com/channel/UCfRNJiafEm1LBBGFTTq4cXw,Indonesia,26400.0,226.0,UCfRNJiafEm1LBBGFTTq4cXw
ElTrollino,18000000,5486103239,1517,Entertainment,2013,ElTrollino,http://youtube.com/channel/UCI2FmVp--YL8d7iVFt8mmxg,Mexico,95600.0,2100.0,UCI2FmVp--YL8d7iVFt8mmxg
TheOdd1sOut,18000000,4023496321,113,Comedy,2014,TheOdd1sOut,http://youtube.com/channel/UCo8bcnLyZH8tBIH9V1mLgqQ,United States,404500.0,24100.0,UCo8bcnLyZH8tBIH9V1mLgqQ
Lele Pons,17800000,4958584356,154,Comedy,2015,Lele Pons,http://youtube.com/channel/UCi9cDo6239RAzPpBZO9y5SA,United States,2000.0,32.0,UCi9cDo6239RAzPpBZO9y5SA
Good Mythical Morning,17700000,8074270215,2980,Entertainment,2008,rhettandlink2,http://youtube.com/channel/UC4PooiX37Pld1T8J5SYT-SQ,United States,34200.0,1300.0,UC4PooiX37Pld1T8J5SYT-SQ
TheGrefg,17700000,6077820746,3332,Gaming,2012,TheGrefg,http://youtube.com/channel/UCCEmjNPpJYhGDgaEqeeA4HA,Spain,101600.0,1200.0,UCCEmjNPpJYhGDgaEqeeA4HA
Ali-A,17700000,5766028299,3920,Gaming,2006,Matroix,http://youtube.com/channel/UCYVinkwSX7szARULgYpvhLw,United States,23500.0,1300.0,UCYVinkwSX7szARULgYpvhLw
Познаватель,17600000,8522826642,476,Entertainment,2014,ThePoznavatel,http://youtube.com/channel/UCXTMoE1XgvxN4iCt5-gZzCw,Russia,57700.0,2600.0,UCXTMoE1XgvxN4iCt5-gZzCw
Sebastián Yatra,17400000,9316925082,196,News & Politics,2013,SebastianYatra,http://youtube.com/channel/UCssFxr-IdIa-wpG3jUXYrmw,Colombia,1300.0,19.0,UCssFxr-IdIa-wpG3jUXYrmw
officialpsy,17400000,9825292199,119,Music,2010,officialpsy,http://youtube.com/channel/UCrDkAvwZum-UTjHmzDI2iIw,United States,14400.0,566.0,UCrDkAvwZum-UTjHmzDI2iIw
Porta dos Fundos,17400000,7258838590,1960,Entertainment,2012,portadosfundos,http://youtube.com/channel/UCEWHPFNilsT0IfQfutVzsag,Brazil,78600.0,1500.0,UCEWHPFNilsT0IfQfutVzsag
TED-Ed,17300000,3287834094,1948,Education,2011,TEDEducation,http://youtube.com/channel/UCsooa4yRKGN_zEE8iknghZA,United States,15100.0,710.0,UCsooa4yRKGN_zEE8iknghZA
Willyrex,17200000,4808457361,6686,Gaming,2009,Willyrex,http://youtube.com/channel/UC8rNKrqBxJqL9izOOMxBJtw,Mexico,8900.0,118.0,UC8rNKrqBxJqL9izOOMxBJtw
RobleisIUTU,17200000,4680573231,1145,Entertainment,2013,RobleisIUTU,http://youtube.com/channel/UCG8eSYvOQUpb9HM8zU5d6xg,Argentina,55000.0,1100.0,UCG8eSYvOQUpb9HM8zU5d6xg
HowToBasic,17100000,3561001854,563,Howto & Style,2011,HowToBasic,http://youtube.com/channel/UCR4s1DE9J4DHzZYXMltSMAg,United States,45900.0,3500.0,UCR4s1DE9J4DHzZYXMltSMAg
Jason Derulo,16800000,8808599101,451,Music,2008,JasonDerulo,http://youtube.com/channel/UCe3yZzUwpmy2eKKmF9svX0Q,United States,3400.0,61.0,UCA7oqkXUZIlT8QXhxaIR4RA
Anitta,16700000,6610175435,99,Music,2011,AnittaOficial,http://youtube.com/channel/UCqjjyPUghDSSKFBABM_CXMw,Brazil,3600.0,118.0,UCqjjyPUghDSSKFBABM_CXMw
Tu COSMOPOLIS,16600000,4875900353,6796,People & Blogs,2014,Tu COSMOPOLIS,http://youtube.com/channel/UCo4ywJQXfUIB0lCBpczW3cA,Mexico,7600.0,751.0,UCo4ywJQXfUIB0lCBpczW3cA
DeToxoMoroxo,16600000,2212149791,488,Entertainment,2012,jquintanac5,http://youtube.com/channel/UCq_oSgHK9lk6NUUgkhUOPnw,Mexico,19700.0,6200.0,UCq_oSgHK9lk6NUUgkhUOPnw
TheBrianMaps,16500000,4090289417,476,Comedy,2012,TheBrianMaps,http://youtube.com/channel/UCyJrhZm9KXrzRub3-wD2zWg,Russia,255400.0,13300.0,UCyJrhZm9KXrzRub3-wD2zWg
zbing z.,16400000,8307904773,2763,Gaming,2014,zbingzbing,http://youtube.com/channel/UC5zGJZpxeZPFcds5gFcDE7Q,Thailand,18700.0,741.0,UC5zGJZpxeZPFcds5gFcDE7Q
ExtraPolinesios,16300000,4696367446,480,People & Blogs,2012,ppextras,http://youtube.com/channel/UCY8LnVxm0Hf7DKPKuLPxb2g,Mexico,4300.0,59.0,UCY8LnVxm0Hf7DKPKuLPxb2g
SOMOY TV,16200000,9476895180,124072,News & Politics,2015,SOMOY TV,http://youtube.com/channel/UCxHoBXkY88Tb8z1Ssj6CWsQ,Bangladesh,163.0,10.0,UCxHoBXkY88Tb8z1Ssj6CWsQ
Queen Official,16100000,9723539941,908,Music,2008,queenofficial,http://youtube.com/channel/UCiMhD4jzUqG-IgPzUmmytRQ,United States,9200.0,345.0,UCiMhD4jzUqG-IgPzUmmytRQ
Sidemen,16100000,4196033350,264,Entertainment,2015,Sidemen,http://youtube.com/channel/UCDogdKl7t7NHzQ95aEwkdMw,United Kingdom,366100.0,11000.0,UCDogdKl7t7NHzQ95aEwkdMw
The Game Theorists,16100000,3546490692,659,Gaming,2009,MatthewPatrick13,http://youtube.com/channel/UCo_IB5145EVNcf8hw1Kku7w,United States,113100.0,6600.0,UCo_IB5145EVNcf8hw1Kku7w
Antrax,16100000,2949891202,654,Gaming,2015,Antrax,http://youtube.com/channel/UCNbwP-bKUlKrE_5qDwvFILQ,Mexico,95200.0,5700.0,UCNbwP-bKUlKrE_5qDwvFILQ
TRANS TV Official,16000000,8780937851,123467,Entertainment,2014,TRANSTVofficial,http://youtube.com/channel/UCIohHXwCEKxWCLvAguJ-GjA,Indonesia,13.0,1.0,UCIohHXwCEKxWCLvAguJ-GjA
FailArmy,16000000,2041620563,337,Comedy,2011,failarmy,http://youtube.com/channel/UCPDis9pjXuqyI7RYLJ-TTSA,United States,19600.0,592.0,UCPDis9pjXuqyI7RYLJ-TTSA
DopeLyrics,15900000,9803533121,1937,Music,2016,DopeLyrics,http://youtube.com/channel/UCvR2R7j218tzejtTsb_X6Rw,United States,408.0,49.0,UCvR2R7j218tzejtTsb_X6Rw
Boyce Avenue,15900000,6230190520,438,Music,2007,boyceavenue,http://youtube.com/channel/UCgc00bfF_PvO_2AvqJZHXFg,Brazil,5900.0,181.0,UCgc00bfF_PvO_2AvqJZHXFg
VICE,15900000,4174962442,3694,Entertainment,2005,vice,http://youtube.com/channel/UCn8zNIfYAQNdrFRrr8oibKw,United States,7800.0,1400.0,UCn8zNIfYAQNdrFRrr8oibKw
Kaykai Salaider,15900000,4248704474,399,Comedy,2011,Kaykai Salaider,http://youtube.com/channel/UCdLGCJcIGu5ExzYN6CXtkIw,Thailand,62100.0,1800.0,UCdLGCJcIGu5ExzYN6CXtkIw
Marques Brownlee,15900000,3082486680,1454,Science & Technology,2008,marquesbrownlee,http://youtube.com/channel/UCBJycsmduvYEL83R_U4JriQ,United States,93700.0,5400.0,UCBJycsmduvYEL83R_U4JriQ
Aayu and Pihu Show,15800000,7837311552,352,Comedy,2017,Aayu and Pihu Show,http://youtube.com/channel/UCFcBAGR0drI3F15EhMFjuTg,India,91500.0,2300.0,UCFcBAGR0drI3F15EhMFjuTg
Matt Stonie,15700000,3249162653,401,Entertainment,2012,MegatoadStonie,http://youtube.com/channel/UCd1fLoVFooPeWqCEYVUJZqg,United States,122500.0,1200.0,UCd1fLoVFooPeWqCEYVUJZqg
Pop Chartbusters,15600000,7817983360,2154,Music,2011,popchartbusters,http://youtube.com/channel/UCzL6rJhkoXkIt0fCv9T9_uA,India,422.0,73.0,UCzL6rJhkoXkIt0fCv9T9_uA
wifistudy,15400000,2805232542,46290,Education,2014,wifistudy,http://youtube.com/channel/UCuWuAvEnKWez5BUr29VpwqA,India,533.0,11.0,UCuWuAvEnKWez5BUr29VpwqA
RCTI - LAYAR DRAMA INDONESIA,15300000,12818689835,58886,Entertainment,2015,RCTI - LAYAR DRAMA INDONESIA,http://youtube.com/channel/UCzTsWuCdVP_vehWyGwPcS3Q,Indonesia,394.0,24.0,UCzTsWuCdVP_vehWyGwPcS3Q
TheRichest,15100000,2919203136,2206,Education,2014,TheRichest,http://youtube.com/channel/UCdxi8d8qRsRyUi2ERYjYb-w,United States,813.0,89.0,UCdxi8d8qRsRyUi2ERYjYb-w
Makiman131,15000000,4484263923,3102,Gaming,2013,Makiman131,http://youtube.com/channel/UCevY-z55kr37ZAXG15F-KiA,Spain,21400.0,576.0,UCevY-z55kr37ZAXG15F-KiA
НТВ,14900000,439098,1,People & Blogs,2008,ntvru,http://youtube.com/channel/UCsA_vkmuyIRlYYXeJueyIJQ,Russia,901.0,216.0,UCsA_vkmuyIRlYYXeJueyIJQ
Henrique e Juliano,14900000,12484253152,285,Music,2009,hejproducao,http://youtube.com/channel/UCfLTxnQboSLcoSakgONmukQ,Brazil,2700.0,37.0,UCfLTxnQboSLcoSakgONmukQ
Lahari Music | T-Series,14900000,10469251425,8169,Music,2011,laharimusic,http://youtube.com/channel/UCnSqxrSfo1sK4WZ7nBpYW1Q,India,301.0,8.0,UCnSqxrSfo1sK4WZ7nBpYW1Q
Kwebbelkop,14900000,6655475239,4951,Gaming,2008,kwebbelkop,http://youtube.com/channel/UCfLuMSIDmeWRYpuCQL0OJ6A,United States,2600.0,145.0,UCfLuMSIDmeWRYpuCQL0OJ6A
League of Legends,14800000,6604382784,1340,Gaming,2009,RiotGamesInc,http://youtube.com/channel/UC2t5bjwHdUX4vM2g8TRDq5g,United States,24600.0,1100.0,UC2t5bjwHdUX4vM2g8TRDq5g
Lachlan,14800000,5013387703,3646,Gaming,2013,Lachlan,http://youtube.com/channel/UCh7EqOZt7EvO2osuKbIlpGg,United States,27900.0,1100.0,UCh7EqOZt7EvO2osuKbIlpGg
MK MUSIC,14700000,7773089325,4624,Music,2010,mkmusicnews,http://youtube.com/channel/UCbVwJCxsVbmaP1PFmbGQDeQ,Brazil,1300.0,79.0,UCbVwJCxsVbmaP1PFmbGQDeQ
iTownGamePlay *Terror&Diversión*,14700000,4784433628,7674,Entertainment,2012,iTownGamePlay,http://youtube.com/channel/UCKmlxQVs0vHtaLldRIQ8lsA,Mexico,11800.0,538.0,UCKmlxQVs0vHtaLldRIQ8lsA
Linus Tech Tips,14700000,6062569897,5864,Science & Technology,2008,LinusTechTips,http://youtube.com/channel/UCXuqSBlHAE6Xw-yeJA0Tunw,United States,60800.0,3100.0,UCXuqSBlHAE6Xw-yeJA0Tunw
NMF News,14600000,6090840731,95987,News & Politics,2013,narendramodionline,http://youtube.com/channel/UCvxi7_X1VSaMr_osIamYNaw,India,325.0,34.0,UCvxi7_X1VSaMr_osIamYNaw
Daftar Populer,14600000,1859586741,2898,Education,2017,Daftar Populer,http://youtube.com/channel/UCQW2tTNJ40V2T6MqV1eMZ0w,Indonesia,2300.0,221.0,UCQW2tTNJ40V2T6MqV1eMZ0w
LEGENDA FUNK,14600000,1310544121,2250,Music,2013,LEGENDA FUNK,http://youtube.com/channel/UCgO5cJ4sL1um054gGYusjiA,Brazil,371.0,11.0,UCgO5cJ4sL1um054gGYusjiA
CollegeHumor,14500000,7331868655,3307,Comedy,2006,collegehumor,http://youtube.com/channel/UCPDXXXJj9nax0fr0Wfc048g,United States,35100.0,1100.0,UCPDXXXJj9nax0fr0Wfc048g
News18 India,14500000,5069817134,120858,News & Politics,2007,News18 India,http://youtube.com/channel/UCPP3etACgdUWvizcES1dJ8Q,India,82.0,5.0,UCPP3etACgdUWvizcES1dJ8Q
XpressTV,14500000,3644137000,630,Entertainment,2014,XpressTV,http://youtube.com/channel/UC0YFjwJc3b1otDerdv6CfWA,Mexico,50200.0,725.0,UC0YFjwJc3b1otDerdv6CfWA
Drawblogs,14500000,1694934569,362,Entertainment,2014,Drawblogs,http://youtube.com/channel/UCkuPobJMx7DPUdwlVo1TFfA,Mexico,3900.0,141.0,UCkuPobJMx7DPUdwlVo1TFfA
Team Films Bhojpuri,14400000,6164527861,20085,Music,2014,TeamFilmsBhojpuri,http://youtube.com/channel/UCB4SvelHl4qjFSNYfxhp-SQ,India,476.0,55.0,UCB4SvelHl4qjFSNYfxhp-SQ
Chad Wild Clay,14400000,6161605244,630,Comedy,2006,chadwildclay,http://youtube.com/channel/UCwaNuezahYT3BOjfXsne2mg,United States,40700.0,6300.0,UCwaNuezahYT3BOjfXsne2mg
Martin Garrix,14400000,5558117744,305,Music,2011,MartinGarrix,http://youtube.com/channel/UC5H_KXkPbEsGs0tFt8R35mA,United States,1800.0,97.0,UC5H_KXkPbEsGs0tFt8R35mA
Cyprien,14400000,3005899595,205,Comedy,2007,MonsieurDream,http://youtube.com/channel/UCyWqModMQlbIo8274Wh_ZsQ,France,215000.0,11200.0,UCyWqModMQlbIo8274Wh_ZsQ
Дима Масленников,14400000,2013234398,401,Entertainment,2014,pognalishow,http://youtube.com/channel/UCwipTluVS2mjuhPtx2WU7eQ,Russia,402000.0,13100.0,UCwipTluVS2mjuhPtx2WU7eQ
Genierock,14300000,13310308313,1540,Music,2008,Genierock,http://youtube.com/channel/UCs2t9DlvAuyTBkvk2djGZKw,Thailand,918.0,57.0,UCs2t9DlvAuyTBkvk2djGZKw
Trap City,14200000,4885163357,2554,Music,2012,OfficialTrapCity,http://youtube.com/channel/UC65afEgL62PGFWXY7n6CUbA,United States,1700.0,72.0,UC65afEgL62PGFWXY7n6CUbA
Camila Loures,14200000,4189052804,3429,Music,2014,camilaloures,http://youtube.com/channel/UCvuJTWl_peL49CUfF2EAbyg,Brazil,24800.0,417.0,UCvuJTWl_peL49CUfF2EAbyg
ABS-CBN News,14100000,9438904191,174684,News & Politics,2009,TheABSCBNNews,http://youtube.com/channel/UCE2606prvXQc_noEqKxVJXA,Philippines,44.0,4.0,UCE2606prvXQc_noEqKxVJXA
CNN,14100000,12083277333,155569,News & Politics,2005,CNN,http://youtube.com/channel/UCupvZG-5ko_eiXAupbDfxWw,United States,3300.0,3300.0,UCupvZG-5ko_eiXAupbDfxWw
Zee Music Classic,14100000,5021164640,964,Music,2014,zeefilmimusic,http://youtube.com/channel/UCLWCv3y3FK1pqEbe_yzilsw,India,599.0,23.0,UCLWCv3y3FK1pqEbe_yzilsw
Daily Dose Of Internet,14100000,4265711762,396,Entertainment,2015,Daily Dose Of Internet,http://youtube.com/channel/UCdC0An4ZPNr_YiFiYoVbwaw,United States,273800.0,8900.0,UCdC0An4ZPNr_YiFiYoVbwaw
Invento na Hora,14100000,3851507257,1189,Film & Animation,2014,inventonahoratv,http://youtube.com/channel/UCR3vcUrhFUdzagng58ueI2w,Brazil,134300.0,1900.0,UCR3vcUrhFUdzagng58ueI2w
#Refugio Mental,14100000,3410001605,688,Entertainment,2013,#Refugio Mental,http://youtube.com/channel/UCgQRN9EO5ksPZjs7EasIftQ,Argentina,5700.0,83.0,UCgQRN9EO5ksPZjs7EasIftQ
Aphmau,14000000,13364784369,3996,Gaming,2012,ChallengeAcceptedInc,http://youtube.com/channel/UCzYfz8uibvnB7Yc1LjePi4g,United States,76900.0,4400.0,UCzYfz8uibvnB7Yc1LjePi4g
AM3NlC,14000000,4816638383,5446,Gaming,2012,AM3NlC,http://youtube.com/channel/UCrGnb5RdHA9M6WGmBGYo4ZQ,Brazil,24600.0,362.0,UCrGnb5RdHA9M6WGmBGYo4ZQ
EdisonPts,13900000,5606959168,3490,Gaming,2013,EdisonPts,http://youtube.com/channel/UCrpt82vHWIWZSHtNQxncPrg,Russia,130400.0,6400.0,UCrpt82vHWIWZSHtNQxncPrg
Kuplinov ► Play,13900000,5778034318,6400,Gaming,2012,Kuplinov ► Play,http://youtube.com/channel/UCdKuE7a2QZeHPhDntXVZ91w,Russia,147500.0,3700.0,UCdKuE7a2QZeHPhDntXVZ91w
Mis Pastelitos,13900000,2382268150,534,Howto & Style,2014,mispastelitosyoutub,http://youtube.com/channel/UCkjjH0hsvaeRIuwGlM9oSvg,Mexico,35000.0,2000.0,UCkjjH0hsvaeRIuwGlM9oSvg
NikkieTutorials,13900000,1562768226,852,Howto & Style,2008,NikkieTutorials,http://youtube.com/channel/UCzTKskwIc_-a0cGvCXA848Q,United States,23000.0,1100.0,UCzTKskwIc_-a0cGvCXA848Q
Rosanna Pansino,13800000,4057054946,1007,Howto & Style,2010,RosannaPansino,http://youtube.com/channel/UCjwmbv6NE4mOh8Z8VhPUx1Q,United States,28900.0,447.0,UCjwmbv6NE4mOh8Z8VhPUx1Q
MAIKI021,13700000,1893820151,2919,Entertainment,2008,MAIKI021,http://youtube.com/channel/UCXhDFaOPG2zhiYm9eXuMKkA,Brazil,3300.0,96.0,UCXhDFaOPG2zhiYm9eXuMKkA
Wengie,13700000,1882235841,373,Howto & Style,2010,WWWengie,http://youtube.com/channel/UCD9PZYV5heAevh9vrsYmt1g,United States,3800.0,107.0,UCD9PZYV5heAevh9vrsYmt1g
Lyna,13600000,5801199256,4452,Gaming,2014,SrtaLynaV,http://youtube.com/channel/UC-cnbLlplnXA4oc7rR21qzg,Mexico,28600.0,2100.0,UC-cnbLlplnXA4oc7rR21qzg
TazerCraft,13600000,5325454303,3977,Gaming,2011,TazerCraft,http://youtube.com/channel/UCjBO43ykxlSs3j7F7EXcBUQ,Brazil,33300.0,710.0,UCjBO43ykxlSs3j7F7EXcBUQ
ABC News,13400000,11589784991,71206,News & Politics,2006,ABCNews,http://youtube.com/channel/UCBi2mrWuNuyYy4gbM6fU18Q,United States,86.0,79.0,UCBi2mrWuNuyYy4gbM6fU18Q
AzzyLand,13400000,6045422126,1620,Gaming,2015,AzzyLand,http://youtube.com/channel/UCzeB_0FNcPIyUSjL_TL5lEw,United States,7500.0,611.0,UCzeB_0FNcPIyUSjL_TL5lEw
Wish 107.5,13300000,5259245361,1552,Music,2014,Wish 107.5,http://youtube.com/channel/UCdfq8-581QVUtVsa8ChVnDQ,Philippines,3300.0,231.0,UCdfq8-581QVUtVsa8ChVnDQ
H2ODelirious,13300000,4229571870,3027,Gaming,2007,H2ODelirious,http://youtube.com/channel/UCClNRixXlagwAd--5MwJKCw,United States,8300.0,251.0,UCClNRixXlagwAd--5MwJKCw
Anaysa,13200000,3173575287,490,Howto & Style,2012,iloveindianmakeup,http://youtube.com/channel/UCuN4A3GCUq5-0wJDSiJoxRQ,India,21400.0,1000.0,UCuN4A3GCUq5-0wJDSiJoxRQ
theRadBrad,13100000,5791129136,7672,Gaming,2006,theRadBrad,http://youtube.com/channel/UCpqXJOEqGS-TCnazcHCo0rA,United States,10400.0,565.0,UCpqXJOEqGS-TCnazcHCo0rA
SRK MUSIC,13100000,5680652976,4895,Music,2012,SRKASSAMESE,http://youtube.com/channel/UCAH1Aw-mXgcB3t8uaqW4yTA,India,1800.0,83.0,UCAH1Aw-mXgcB3t8uaqW4yTA
Поззи,13000000,6244275339,3000,People & Blogs,2012,PozzitifonShow,http://youtube.com/channel/UCuZeiI5pdpgqDojXZujoYgg,Russia,34500.0,1900.0,UCuZeiI5pdpgqDojXZujoYgg
DALLMYD,13000000,1738311790,616,Sports,2011,DALLMYD,http://youtube.com/channel/UCI4fHQkguBNW3SwTqmehzjw,United States,17100.0,983.0,UCI4fHQkguBNW3SwTqmehzjw
Coke Studio,12900000,3274234309,529,Music,2014,Coke Studio,http://youtube.com/channel/UCM1VesJtJ9vTXcMLLr_FfdQ,Pakistan,6400.0,289.0,UCM1VesJtJ9vTXcMLLr_FfdQ
twenty one pilots,12900000,4621224472,173,Music,2009,twentyonepilots,http://youtube.com/channel/UCBQZwaNPFfJ1gZ1fLZpAEGw,United States,2300.0,65.0,UCBQZwaNPFfJ1gZ1fLZpAEGw
How Ridiculous,12900000,5543670656,390,Sports,2009,whoisjimmy,http://youtube.com/channel/UC5f5IV0Bf79YLp_p9nfInRA,United States,84700.0,2900.0,UC5f5IV0Bf79YLp_p9nfInRA
Matt Steffanina,12900000,2970575636,486,Entertainment,2011,MattSDance,http://youtube.com/channel/UCczFdwWpVEpoqb-eMm4c4dQ,United States,8300.0,93.0,UCczFdwWpVEpoqb-eMm4c4dQ
ATHLEAN-X™,12900000,2162786560,1296,Howto & Style,2006,JDCav24,http://youtube.com/channel/UCe0TLA0EsQbE-MjuHXevj2A,United States,15300.0,760.0,UCe0TLA0EsQbE-MjuHXevj2A
RedeTV,12800000,8366717082,36800,Entertainment,2011,RedeTVhdBrasil,http://youtube.com/channel/UCd7VVhgnd2eCv9JEghvR_1w,Brazil,93.0,3.0,UCd7VVhgnd2eCv9JEghvR_1w
Typical Gamer,12800000,3948852379,3931,Gaming,2008,typicalgamer,http://youtube.com/channel/UC2wKfjlioOCLP4xQMOWNcgg,United States,12400.0,355.0,UC2wKfjlioOCLP4xQMOWNcgg
BBC News,12800000,3841146030,16397,News & Politics,2006,bbcnews,http://youtube.com/channel/UC16niRr50-MSBwiO3YDb3RA,United Kingdom,1600.0,1100.0,UC16niRr50-MSBwiO3YDb3RA
PowerfulJRE,12800000,2266640311,765,People & Blogs,2013,PowerfulJRE,http://youtube.com/channel/UCzQUP1qoWDoEbmsQxvdjxgQ,United States,16500.0,2300.0,UCzQUP1qoWDoEbmsQxvdjxgQ
Jazzghost,12700000,4639145138,5111,Gaming,2012,jazzghost1,http://youtube.com/channel/UCIXguhHCl8eDTkXpEuiGPUA,Brazil,63200.0,2000.0,UCIXguhHCl8eDTkXpEuiGPUA
Ei Nerd,12700000,3207538507,5219,Entertainment,2013,einerdtv,http://youtube.com/channel/UCt_4wzTQqmcUvemNkeO0plA,Brazil,42700.0,1600.0,UCt_4wzTQqmcUvemNkeO0plA
Lady Diana,12600000,7265803610,1273,Entertainment,2016,Lady Diana,http://youtube.com/channel/UCCB4-saKfwGbUFO2-rRdUqQ,Russia,69300.0,2500.0,UCCB4-saKfwGbUFO2-rRdUqQ
T-Series Regional,12600000,5169203026,15573,Entertainment,2011,tseriesregional,http://youtube.com/channel/UCy2fvV-mH_4AcIgqnLg9uDw,India,96.0,9.0,UCy2fvV-mH_4AcIgqnLg9uDw
Crescendo com Luluca,12600000,4241651530,1107,Entertainment,2015,Crescendo com Luluca,http://youtube.com/channel/UCnrGkE2AmBAv6Vxj6kjf1jg,Brazil,50500.0,4300.0,UCnrGkE2AmBAv6Vxj6kjf1jg
Lokdhun Punjabi,12500000,4372757487,1399,Music,2010,htpunjabi,http://youtube.com/channel/UCHcDpS0TXITVs0ZrBSIsEsA,India,34300.0,10900.0,UCHcDpS0TXITVs0ZrBSIsEsA
Rebecca Zamolo,12500000,4747533461,856,Comedy,2011,rebeccazamolo1,http://youtube.com/channel/UCfw8x3VR-ElcaWW2Tg_jgSA,United States,70800.0,5900.0,UCfw8x3VR-ElcaWW2Tg_jgSA
Juliana Baltar,12500000,3211108711,1431,Entertainment,2010,Juliana Baltar,http://youtube.com/channel/UCqDauP_ke8Lwt8Hg3Xv-8Iw,Brazil,11500.0,288.0,UCqDauP_ke8Lwt8Hg3Xv-8Iw
KOMPASTV,12400000,9025460804,225232,News & Politics,2013,KompasTVNews,http://youtube.com/channel/UC5BMIWZe9isJXLZZWPWvBlg,Indonesia,48.0,13.0,UC5BMIWZe9isJXLZZWPWvBlg
Adexe & Nau,12400000,4440271314,529,Music,2013,AdexeOficial,http://youtube.com/channel/UCKR6KdJmTdhLVQJnoJu9tRQ,Mexico,6200.0,602.0,UCKR6KdJmTdhLVQJnoJu9tRQ
Talking Angela,12400000,3284897861,204,Entertainment,2014,TalkingAngelaCat,http://youtube.com/channel/UCPcynnZcILjm0e2aaaTuCjw,United States,2800.0,138.0,UCPcynnZcILjm0e2aaaTuCjw
Piuzinho,12400000,1022959848,463,Gaming,2015,Piuzinho,http://youtube.com/channel/UCIvBHgnnLSVr9enuPvBuwyw,Brazil,63000.0,1200.0,UCIvBHgnnLSVr9enuPvBuwyw
Troom Troom PT,12300000,4219567300,2430,Howto & Style,2015,Troom Troom PT,http://youtube.com/channel/UCgCQlMYN2XypwYC2wcR32bA,Brazil,2700.0,26.0,UCgCQlMYN2XypwYC2wcR32bA
Gibby :),12300000,2761291454,203,People & Blogs,2014,Gibby :),http://youtube.com/channel/UCY62oxtmOKk5-JLJOXBMWnA,Mexico,12200.0,1200.0,UCY62oxtmOKk5-JLJOXBMWnA
Blockbuster Movies,12300000,2286659867,344,Entertainment,2016,Blockbuster Movies,http://youtube.com/channel/UCW3VI9s3Dw8o1ekgjI3FCzw,India,1400.0,27.0,UCW3VI9s3Dw8o1ekgjI3FCzw
The Dodo,12200000,7908428418,6993,Pets & Animals,2014,TheDodoSite,http://youtube.com/channel/UCINb0wqPz-A0dV9nARjJlOQ,United States,21000.0,819.0,UCINb0wqPz-A0dV9nARjJlOQ
Think Music India,12200000,8959285840,3931,Music,2009,thinkmusicindia,http://youtube.com/channel/UCLbdVvreihwZRL6kwuEUYsA,India,1300.0,16.0,UCLbdVvreihwZRL6kwuEUYsA
GMA News,12100000,10471677314,329711,News & Politics,2007,gmanews,http://youtube.com/channel/UCqYw-CTd1dU2yGI71sEyqNw,Philippines,94.0,14.0,UCqYw-CTd1dU2yGI71sEyqNw
Jass Records,12100000,5294095545,4241,Music,2014,officialjassrecords,http://youtube.com/channel/UC9Gjog4enoDWRWTaYuamx1g,India,2000.0,22.0,UC9Gjog4enoDWRWTaYuamx1g
DeGoBooM,12100000,4732355492,3062,Gaming,2014,DeGoBooM,http://youtube.com/channel/UCj9rK3jt8qmih4mZX0UL67g,Mexico,24700.0,261.0,UCj9rK3jt8qmih4mZX0UL67g
NDTV,12000000,4510236068,126906,Entertainment,2006,ndtv,http://youtube.com/channel/UCZFMm1mMw0F81Z37aaEzTUA,India,80.0,25.0,UCZFMm1mMw0F81Z37aaEzTUA
NORMAN FAIT DES VIDÉOS,12000000,2681755121,205,Comedy,2011,NormanFaitDesVideos,http://youtube.com/channel/UCww2zZWg4Cf5xcRKG-ThmXQ,France,35900.0,307.0,UCww2zZWg4Cf5xcRKG-ThmXQ
The Infographics Show,11900000,4349105305,3445,Education,2011,TheInfographicsShow,http://youtube.com/channel/UCfdNM3NAhaBOXCafH7krzrA,United States,7700.0,603.0,UCfdNM3NAhaBOXCafH7krzrA
Vogue,11900000,3533048715,2756,Entertainment,2008,Americanvogue,http://youtube.com/channel/UCRXiA3h1no_PFkb1JCP0yMA,United States,6700.0,274.0,UCRXiA3h1no_PFkb1JCP0yMA
Sonotek Bhakti,11900000,3661572976,7428,Entertainment,2010,htbhakti,http://youtube.com/channel/UC3oQ1986eLZ4MhyPBiu54PA,India,210.0,40.0,UC3oQ1986eLZ4MhyPBiu54PA
BanderitaX,11900000,3347502658,1474,Gaming,2013,BanderitaX,http://youtube.com/channel/UCxEGVXh6fi-XYo58NZrbIHQ,Saudi Arabia,181800.0,6000.0,UCxEGVXh6fi-XYo58NZrbIHQ
Planet Earth INDIA,11900000,1722795279,630,People & Blogs,2011,Planet Earth INDIA,http://youtube.com/channel/UCMZ1mhXvZEhAEwVtAMmvioA,India,1800.0,114.0,UCMZ1mhXvZEhAEwVtAMmvioA
DANIEL EL TRAVIESO VIDEOS,11800000,4755190859,324,Comedy,2014,DANIEL EL TRAVIESO VIDEOS,http://youtube.com/channel/UCgSk89VX4QiKZsjS25FCBsQ,Colombia,94800.0,2700.0,UCgSk89VX4QiKZsjS25FCBsQ
MORGENSHTERN,11800000,2085751416,131,Music,2013,MORGENSHTERN,http://youtube.com/channel/UCWnqnojAgMdN0fQpr_xByJw,Russia,109200.0,7700.0,UCWnqnojAgMdN0fQpr_xByJw
Tfue,11800000,1461546183,741,Gaming,2014,TTfue,http://youtube.com/channel/UC9lSZSYpDDE18hoFA7YlBpw,United States,7100.0,376.0,UC9lSZSYpDDE18hoFA7YlBpw
TsMadaan,11800000,1329092064,1687,Howto & Style,2008,TsMadaan,http://youtube.com/channel/UCKjJXmZxk1SiTUQUB28KHpw,India,1300.0,12.0,UCKjJXmZxk1SiTUQUB28KHpw
Natti Natasha,11700000,7264301648,130,Music,2015,Natti Natasha,http://youtube.com/channel/UCu59H8LNti6mwvcGRMge5PA,United States,93800.0,236.0,UCu59H8LNti6mwvcGRMge5PA
Luan Santana,11700000,4908116204,371,Music,2009,luansantanaoficial,http://youtube.com/channel/UC6rwiIxv0w2fbmmr66wl1rA,Brazil,83400.0,3800.0,UC6rwiIxv0w2fbmmr66wl1rA
emma chamberlain,11700000,1531833342,283,Entertainment,2016,emma chamberlain,http://youtube.com/channel/UC78cxCAcp7JfQPgKxYdyGrg,United States,492600.0,31700.0,UC78cxCAcp7JfQPgKxYdyGrg
Луномосик,11600000,5052785110,460,People & Blogs,2015,Луномосик,http://youtube.com/channel/UCdKEBeInDzinQ6MG2HkF7Gw,Russia,68800.0,2900.0,UCdKEBeInDzinQ6MG2HkF7Gw
First We Feast,11600000,2485814338,819,Howto & Style,2014,FirstWeFeast,http://youtube.com/channel/UCPD_bxCRGpmmeQcbe2kpPaA,United States,6700.0,477.0,UCPD_bxCRGpmmeQcbe2kpPaA
YoungBoy Never Broke Again,11500000,11015842469,475,Entertainment,2015,YoungBoy Never Broke Again,http://youtube.com/channel/UClW4jraMKz6Qj69lJf-tODA,United States,273300.0,20400.0,UClW4jraMKz6Qj69lJf-tODA
Wassabi,11500000,4592238139,1119,Entertainment,2006,hoiitsroi,http://youtube.com/channel/UCNdqe5zJ6k-i7XKoYWA4Z2g,United States,3800.0,373.0,UCNdqe5zJ6k-i7XKoYWA4Z2g
Wild 'N Out,11500000,4418589089,1267,Entertainment,2006,MTV2,http://youtube.com/channel/UCrkzfc2yf-7q6pd7EtzgNaQ,United States,6700.0,205.0,UCrkzfc2yf-7q6pd7EtzgNaQ
LipaoGamer,11500000,3837227706,10901,Gaming,2011,FelipeViktor,http://youtube.com/channel/UCHuZmQ0lSW8TG81dVZZh5rw,Brazil,8900.0,146.0,UCHuZmQ0lSW8TG81dVZZh5rw
Annoying Orange,11400000,7893769128,1861,Shows,2010,realannoyingorange,http://youtube.com/channel/UCi-5OZ2tYuwMLIcEyOsbdRA,United States,8800.0,527.0,UCi-5OZ2tYuwMLIcEyOsbdRA
Vy Qwaint,11400000,5409544753,528,Howto & Style,2014,VyQwaint,http://youtube.com/channel/UCmRY4NSGK52lP_Lz11CjdYw,United States,38200.0,4600.0,UCmRY4NSGK52lP_Lz11CjdYw
ExpCaseros,11400000,2515501575,1023,Howto & Style,2012,ExpCaseros,http://youtube.com/channel/UCoTyVfIkM-hjz4JauDoVvog,Spain,2200.0,153.0,UCoTyVfIkM-hjz4JauDoVvog
elcarteldesantatv,11300000,6261374873,313,Music,2008,elcarteldesantatv,http://youtube.com/channel/UCunw-c0EKIX5LpPo8GpA2Aw,Mexico,7100.0,342.0,UCunw-c0EKIX5LpPo8GpA2Aw
UnspeakableGaming,11300000,4826278522,2444,Gaming,2012,UnspeakableGaming,http://youtube.com/channel/UCKYb5XBe-5OSEgLijLSoDtw,United States,11300.0,874.0,UCKYb5XBe-5OSEgLijLSoDtw
Single Track Studio,11300000,4462580470,1719,Entertainment,2010,hawkrecord,http://youtube.com/channel/UCOo61v1PPAjoN2exxYAzdAw,India,44100.0,1800.0,UCOo61v1PPAjoN2exxYAzdAw
Tiana,11300000,3176486598,997,Entertainment,2015,Tiana,http://youtube.com/channel/UC6sSkkemzPjmrzS0Y0V_2zw,United Kingdom,5300.0,476.0,UC7_yh9PEDpaqp34QtGO-_Yw
The Viral Fever,11200000,1656301737,433,Entertainment,2011,TheViralFeverVideos,http://youtube.com/channel/UCNJcSUSzUeFm8W9P7UUlSeQ,India,56600.0,1300.0,UCNJcSUSzUeFm8W9P7UUlSeQ
Cut,11200000,4846700433,1738,Entertainment,2014,watchcut,http://youtube.com/channel/UCbaGn5VkOVlcRgIWAHcrJKA,United States,14600.0,569.0,UCbaGn5VkOVlcRgIWAHcrJKA
Comedy Central,11100000,6297139999,5841,Comedy,2006,comedycentral,http://youtube.com/channel/UCUsN5ZwHx2kILm84-jPDeXw,United States,799.0,45.0,UCUsN5ZwHx2kILm84-jPDeXw
BakLol Video,11100000,3250851179,257,Entertainment,2016,BakLol Video,http://youtube.com/channel/UCQfE97UMDGgKCFb7iGM8Btg,India,18200.0,1300.0,UCQfE97UMDGgKCFb7iGM8Btg
Genius,11100000,2891052624,2797,Music,2011,RapGeniusVideo,http://youtube.com/channel/UCyFZMEnm1il5Wv3a6tPscbA,United States,1100.0,140.0,UCyFZMEnm1il5Wv3a6tPscbA
Mo Vlogs,11100000,2933099311,1906,People & Blogs,2013,Mo Vlogs,http://youtube.com/channel/UC_hoQDD6zKcIqpIYLsFbBeA,India,16600.0,1000.0,UC_hoQDD6zKcIqpIYLsFbBeA
The Film Theorists,11100000,2242892562,355,Film & Animation,2014,FilmTheorists,http://youtube.com/channel/UC3sznuotAs2ohg_U__Jzj_Q,United States,124100.0,6500.0,UC3sznuotAs2ohg_U__Jzj_Q
Inside Edition,11000000,19367966533,27156,News & Politics,2012,cbstvdinsideedition,http://youtube.com/channel/UC9k-yiEpRHMNVOnOi_aQK8w,United States,6000.0,718.0,UC9k-yiEpRHMNVOnOi_aQK8w
Flamingo,11000000,8874980800,2196,Gaming,2017,Flamingo,http://youtube.com/channel/UCm-X6o81nRsXQTmqpyArkBQ,United States,68700.0,7500.0,UCm-X6o81nRsXQTmqpyArkBQ
ExplosmEntertainment,11000000,3685664468,1048,Comedy,2009,ExplosmEntertainment,http://youtube.com/channel/UCWXCrItCF6ZgXrdozUS-Idw,United States,16500.0,295.0,UCWXCrItCF6ZgXrdozUS-Idw
Brancoala,10900000,7934725886,1685,Entertainment,2008,brancoala,http://youtube.com/channel/UC0otZdGYsA9KqVKAcn2peQA,Brazil,13500.0,353.0,UC0otZdGYsA9KqVKAcn2peQA
JP Plays,10900000,4609300218,3528,Gaming,2014,jpgameplayfull,http://youtube.com/channel/UCYSrT9w_V_5wpEahYXTeXUw,Brazil,11700.0,170.0,UCYSrT9w_V_5wpEahYXTeXUw
Games EduUu,10900000,3093784767,1006,Gaming,2011,GamesEduUu,http://youtube.com/channel/UCYzp8-P162Em-3uZnCuGJOg,Brazil,206900.0,5800.0,UCYzp8-P162Em-3uZnCuGJOg
Hueva,10900000,3040301750,831,Gaming,2012,XHuevaX,http://youtube.com/channel/UCe7VVljK2G15Bdxfr-xQoMw,Mexico,14900.0,594.0,UCe7VVljK2G15Bdxfr-xQoMw
Dobre Brothers,10900000,2808411693,590,People & Blogs,2017,Dobre Brothers,http://youtube.com/channel/UCC3OGYxHwV8pB5yLobw9KdA,United States,18500.0,409.0,UCC3OGYxHwV8pB5yLobw9KdA
