username,Youtube Url,Name,Category,Audience Country,Subscribers,Avg. Views,Avg. Likes,Avg. Comments
tseries,http://youtube.com/channel/UCq-Fj5jknLsUf-MWSy4_brA,T-Series,Music & Dance,India,220100000,52700,1700.0,108.0
PewDiePie,http://youtube.com/channel/UC-lHJZR3Gqxm24_Vd_AJ5Yw,PewDiePie,Animation,United States,111400000,3600000,244000.0,11400.0
MrBeast6000,http://youtube.com/channel/UCX6OQ3DkcsbYNE6H8uQQuVA,MrBeast,Video gamesHumor,United States,98400000,36700000,2100000.0,78500.0
WWEFanNation,http://youtube.com/channel/UCJ5v_MCY6GNUBTO8-D3XoAg,WWE,Video games,United States,89400000,202300,6600.0,307.0
zeemusiccompany,http://youtube.com/channel/UCFFbwnve3yF62-tVXkTyHqg,Zee Music Company,Music & Dance,India,85700000,120700,4900.0,166.0
kidrauhl,http://youtube.com/channel/UCIwFjwMjI0y7PDBVEO9-bkQ,Justin Bieber,Music & Dance,United States,69500000,632600,41300.0,3100.0
sabtv,http://youtube.com/channel/UC6-F5tO8uklgE9Zy8IvbdFw,Sony SAB,MoviesAnimation,India,69400000,32200,589.0,17.0
BANGTANTV,http://youtube.com/channel/UCLkAepWjdylmXSltofFvsYQ,BANGTANTV,Music & Dance,India,69300000,4800000,766300.0,8400.0
ibighit,http://youtube.com/channel/UC3IZKseVpdzPSBaWxBxundA,HYBE LABELS,Music & Dance,United States,67500000,492400,105900.0,1700.0
CanalKondZilla,http://youtube.com/channel/UCffDXn7ycAzwL2LDlbyWOTw,Canal KondZilla,Music & Dance,Brazil,65900000,40900,2300.0,105.0
filmigaane,http://youtube.com/channel/UCP6uH_XlsxrXwZQ4DlqbqPg,Shemaroo Filmi Gaane,Music & Dance,India,60800000,31500,446.0,19.0
corycotton,http://youtube.com/channel/UCRijo3ddMTht_IHyNSNXpNQ,Dude Perfect,Video games,United States,57900000,8500000,316200.0,11800.0
movieclips,http://youtube.com/channel/UC3gNmTGu-TTbFPpfSs5kNkg,Movieclips,MoviesAnimation,United States,57400000,18900,197.0,7.0
Marshmello,http://youtube.com/channel/UCEdvpU2pFRCVqU6yIPyTpMQ,Marshmello,Music & Dance,United States,55600000,158800,13600.0,310.0
EminemMusic,http://youtube.com/channel/UCfM3zsQsOnfWNUppiycmBuw,EminemMusic,MoviesAnimation,United States,52700000,15700000,928100.0,49200.0
aajtaktv,http://youtube.com/channel/UCt4t-jeY85JegMlZ-E5UWtA,Aaj Tak,News & Politics,India,52300000,9700,138.0,16.0
tipsmusic,http://youtube.com/channel/UCJrDMFOdv1I2k8n9oK_V21w,Tips Official,Music & Dance,India,52100000,234500,2300.0,62.0
sonymusicindiaSME,http://youtube.com/channel/UC56gTxNs4f9xZ7Pa2i5xNzg,Sony Music India,Music & Dance,India,51700000,118500,3400.0,121.0
tseriesbhakti,http://youtube.com/channel/UCaayLD9i5x4MmIoVZxXSv_g,T-Series Bhakti Sagar,Music & Dance,India,51500000,20000,555.0,40.0
LooLooKids,http://youtube.com/channel/UC4NALVCmcmL5ntpV0thoH6w,LooLoo Kids - Nursery Rhymes and Children's Songs,Music & Dance,United States,49500000,265600,1500.0,
yrf,http://youtube.com/channel/UCbTLwN10NoCU4WDzLf1JMOA,YRF,Music & DanceMovies,India,47100000,250700,12800.0,251.0
taylorswift,http://youtube.com/channel/UCqECaJ8Gagnn7YCbPEzWH6g,Taylor Swift,Music & Dance,United States,46900000,1800000,162700.0,7400.0
JuegaGerman,http://youtube.com/channel/UCYiGq8XF7YQD00x7wAd62Zg,JuegaGerman,MoviesAnimation,Mexico,46000000,1700000,150800.0,3200.0
whinderssonnunes,http://youtube.com/channel/UC3KQ5GWANYF8lChqjZpXsQw,whinderssonnunes,Music & DanceAnimation,Brazil,43800000,3400000,798800.0,26100.0
BRIGHT SIDE,http://youtube.com/channel/UC4rlAVgAK0SGk-yTfe48Qpw,BRIGHT SIDE,Animation,United States,43800000,56700,1400.0,107.0
sonymusicindiaVEVO,http://youtube.com/channel/UC3MLnJtqc_phABBriLRhtgQ,SonyMusicIndiaVEVO,Music & Dance,India,42400000,32100,481.0,39.0
DjWalkzz,http://youtube.com/channel/UCJrOtniJ0-NWz37R30urifQ,Alan Walker,Music & DanceMovies,United States,42100000,461800,28200.0,1700.0
Bad Bunny,http://youtube.com/channel/UCmBA_wu8xGg1OfOkfW13Q0Q,Bad Bunny,Music & DanceMovies,Mexico,41800000,100500000,1800000.0,43500.0
A4,http://youtube.com/channel/UC2tsySbe9TNrI-xh2lximHA,A4,AnimationHumor,Russia,40700000,9400000,443900.0,22900.0
speedrecordss,http://youtube.com/channel/UCOsyDsO5tIt-VZ1iwjdQmew,Speed Records,Music & Dance,India,40600000,33100,1400.0,65.0
venus,http://youtube.com/channel/UCWi_65E_L8tQZ34C6wVAlpQ,Ishtar Music,Music & Dance,India,37600000,21800,329.0,15.0
luccasneto,http://youtube.com/channel/UC_gV70G_Y51LTa3qhu8KiEA,LUCCAS NETO - LUCCAS TOON,MoviesAnimation,Brazil,37600000,416300,11800.0,
gr6explode,http://youtube.com/channel/UCNUQK9mQoqi4yNXw2_Rj6SA,GR6 EXPLODE,Music & Dance,Brazil,37600000,76700,4700.0,123.0
XXXTENTACION,http://youtube.com/channel/UCM9r1xn6s30OnlJWb-jc3Sw,XXXTENTACION,Music & Dance,United States,37500000,463400,48900.0,2600.0
Kimberly Loaiza,http://youtube.com/channel/UCQZfFRohQ7UX-0CdXl-6pwQ,Kimberly Loaiza,Daily vlogs,Mexico,37000000,7900000,489100.0,38500.0
shfa,http://youtube.com/channel/UCwHE1kM1CPJd_pI9FQ0-4dg,shfa,Daily vlogs,France,35700000,3100000,53800.0,
Goldmines Gaane Sune Ansune,http://youtube.com/channel/UCtW7qWjpCZ8zps-Cf2NF26w,Goldmines Gaane Sune Ansune,Music & Dance,India,33900000,32800,309.0,16.0
JbalvinTube,http://youtube.com/channel/UCt-k6JwNWHMXDBGm9IYHdsg,J Balvin,Music & Dance,Colombia,33500000,2600000,68800.0,2900.0
vegetta777,http://youtube.com/channel/UCam8T03EOFBsNdR0thrFHdQ,VEGETTA777,Video games,Mexico,33200000,303700,25900.0,257.0
markiplierGAME,http://youtube.com/channel/UC7_YxT-KID8kRbqZo7MyscQ,Markiplier,AnimationVideo games,United States,33100000,3200000,167500.0,6900.0
abpnewstv,http://youtube.com/channel/UCRWFSbif-RFENbBrSiez1DA,ABP NEWS,News & Politics,India,32900000,4000,45.0,4.0
Geet MP3,http://youtube.com/channel/UClZF7OsrECe3t_ADrjZEh_Q,Geet MP3,Music & Dance,India,32700000,713300,26600.0,686.0
NoCopyrightSounds,http://youtube.com/channel/UC_aEa8K-EOJ3D6gOs7HcyNg,NoCopyrightSounds,Music & Dance,United States,32500000,372400,14600.0,1100.0
Mikecrack,http://youtube.com/channel/UCqJ5zFEED1hWs0KNQCQuYdQ,Mikecrack,MoviesAnimation,Mexico,32299999,3900000,297000.0,3000.0
SSSniperWolf,http://youtube.com/channel/UCpB959t8iPrxQWj7G6n0ctQ,SSSniperWolf,Humor,United States,32100000,4400000,114400.0,6600.0
tseriesapnapunjab,http://youtube.com/channel/UCcvNYxWXR_5TjVK7cSCdW-g,T-Series Apna Punjab,Music & Dance,India,32100000,24800,906.0,52.0
IndiaTV,http://youtube.com/channel/UCttspZesZIDEwwpVIgoZtWQ,IndiaTV,News & Politics,India,31700000,11500,191.0,23.0
GENIAL,http://youtube.com/channel/UCbrd1vu4_7qIE6IPV_dA-OA,GENIAL,Animation,Mexico,31300000,47900,1700.0,54.0
SMTOWN,http://youtube.com/channel/UCEf_Bc-KVd7onSeifS3py9g,SMTOWN,Music & Dance,United States,30700000,312900,38400.0,930.0
AllTrapNation,http://youtube.com/channel/UCa10nxShhzNrCE1o2ZOPztg,Trap Nation,Music & Dance,United States,30500000,89300,2400.0,100.0
Ricis Official,http://youtube.com/channel/UC4tS4Q_Cno5JVcIUXxQOOpA,Ricis Official,Music & DanceMovies,Indonesia,30300000,542600,31200.0,1000.0
tseriesoldisgold,http://youtube.com/channel/UCRm96I5kmb_iGFofE5N691w,Bollywood Classics,Music & Dance,India,30300000,29600,534.0,22.0
AH,http://youtube.com/channel/UCaKLg1ELiX0zTJ6Je3c5esA,AH,Music & DanceMovies,Indonesia,29900000,736200,36600.0,2400.0
latenight,http://youtube.com/channel/UC8-Th83bH_thdKZDJCrn88g,The Tonight Show Starring Jimmy Fallon,MoviesHumor,United States,29700000,154900,4100.0,187.0
DisneyMusicVEVO,http://youtube.com/channel/UCgwv23FVv3lqh567yagXfNg,DisneyMusicVEVO,Music & DanceMovies,United States,29700000,34100,661.0,30.0
SpinninRec,http://youtube.com/channel/UCpDJl2EmP7Oh90Vylx0dZtA,Spinnin' Records,Music & Dance,United States,29700000,56500,2100.0,70.0
rezendeevil,http://youtube.com/channel/UCbTVTephX30ZhQF5zwFppBg,rezendeevil,MoviesHumor,Brazil,29700000,304300,32299.0,604.0
SongsOfIndianCinema,http://youtube.com/channel/UC_A7K2dXFsTMAciGmnNxy-Q,Saregama Music,Music & Dance,India,29300000,30500,814.0,43.0
xoxxxoooxo,http://youtube.com/channel/UC0WP5P-ufpRfjbNrmOWwLBQ,The Weeknd,Music & Dance,United States,28700000,465000,42600.0,1900.0
jacksepticeye,http://youtube.com/channel/UCYzPXprvl5Y-Sf0g4vX-m6g,jacksepticeye,Video games,United States,28500000,1800000,117400.0,4800.0
UltraRecords,http://youtube.com/channel/UC4rasfm9J-X4jNl9SvXp8xA,Ultra Music,Music & Dance,United States,28500000,21100,821.0,38.0
ImagineDragons,http://youtube.com/channel/UCT9zcQNlyht7fRlcjmflRSA,ImagineDragons,Music & Dance,United States,28300000,311800,19200.0,384.0
WWRBhojpuri,http://youtube.com/channel/UCbomPUMyPHCgrqD5iYnzj1A,Worldwide Records Bhojpuri,Music & Dance,India,28200000,55100,1500.0,102.0
TheLateLateShow,http://youtube.com/channel/UCJ0uqCI0Vqr2Rrt1HseGirg,The Late Late Show with James Corden,AnimationHumor,United States,27900000,88600,2000.0,116.0
MrBeast Gaming,http://youtube.com/channel/UCIPPMRA040LQr5QPyJEbmXA,MrBeast Gaming,AnimationVideo games,United States,27900000,7300000,320600.0,16500.0
PowerKids,http://youtube.com/channel/UCj-SWZSE0AmotGSQ3apROHw,PowerKids,MoviesAnimation,India,27500000,184600,,
Karolgmusic,http://youtube.com/channel/UCZuPJZ2kGFdlbQu1qotZaHw,KAROL G,Music & Dance,Colombia,27200000,129400,12400.0,310.0
DrakeOfficial,http://youtube.com/channel/UCByOQJjav0CUDwxCk-jVNRQ,Drake,Music & Dance,United States,26700000,1900000,33700.0,2200.0
zeenews,http://youtube.com/channel/UCIvaYmXn910QMdemBG3v1pQ,Zee News,News & Politics,India,26400000,24900,537.0,38.0
taylorgangent,http://youtube.com/channel/UCVp3nfGRxmMadNDuVbJSk8A,Wiz Khalifa,Music & Dance,United States,26400000,184400,14600.0,835.0
TheDiamondMinecart,http://youtube.com/channel/UCS5Oz6CHmeoF7vSad0qqXfw,DanTDM,Video games,United States,26200000,1300000,63300.0,5000.0
AboFlah,http://youtube.com/channel/UCqq5n-Oe-r1EEHI3yvhVJcA,AboFlah,AnimationVideo games,Iraq,26000000,4300000,623800.0,25200.0
WorldStarHipHopTV,http://youtube.com/channel/UC-yXuc1__OzjwpsJPlxYUCQ,WORLDSTARHIPHOP,Music & Dance,United States,26000000,51500,1700.0,176.0
adityamusic,http://youtube.com/channel/UCNApqoVYJbYSrni4YsbXzyQ,Aditya Music,Music & Dance,India,25800000,36200,1200.0,23.0
VanossGaming,http://youtube.com/channel/UCKqH_9mk1waLgBiL2vT5b9g,VanossGaming,AnimationVideo games,United States,25800000,1400000,59000.0,594.0
LosPolinesios,http://youtube.com/channel/UCs8qka8tfhdc69wzXYdtZ3A,LosPolinesios,Music & DanceMovies,Mexico,25600000,1600000,66500.0,3300.0
xSkyHeLLxx,http://youtube.com/channel/UChMJkHCD2wdvSO7CMOuLR-w,Renato Garcia,MoviesAnimation,Brazil,25400000,998900,113700.0,1700.0
TwiNboTzVids,http://youtube.com/channel/UCwD4x63A9KC7Si2RuSfg-SA,Lucas and Marcus,AnimationHumor,United States,25100000,936000,28200.0,1300.0
smosh,http://youtube.com/channel/UCY30JRSgfhYXA6i6xX1erWg,Smosh,MoviesHumor,United States,25000000,249500,17300.0,558.0
jypentertainment,http://youtube.com/channel/UCaO6TYtlC8U5ttz62hTrZgg,JYP Entertainment,Music & Dance,United States,25000000,1800000,218500.0,8200.0
beyonce,http://youtube.com/channel/UCuHzBCaKmtaLcRAOoazhCPA,Beyoncé,Music & Dance,United States,24800000,15400000,561700.0,57300.0
Jess No Limit,http://youtube.com/channel/UCvh1at6xpV1ytYOAzxmqUsA,Jess No Limit,MoviesAnimation,Indonesia,24800000,329100,15100.0,1200.0
WatchMojo,http://youtube.com/channel/UCaWd5_7JhbQBe4dknZhsHJg,WatchMojo.com,Movies,United States,24600000,65200,2100.0,268.0
davidguettavevo,http://youtube.com/channel/UC1l7wYrva1qCH-wgqcHaaRg,David Guetta,Music & Dance,Brazil,24400000,144500,7000.0,286.0
NewOnNetflix,http://youtube.com/channel/UCWOA1ZGywLbqmigxE4Qlvuw,Netflix,MoviesAnimation,United States,24000000,370700,12100.0,421.0
postmalone,http://youtube.com/channel/UCeLHszkByNZtPKcaVXOCOQQ,Post Malone,Music & Dance,United States,24000000,354800,15400.0,670.0
James Charles,http://youtube.com/channel/UCucot-Zp428OwkyRm2I7v2Q,James Charles,BeautyFashion,United States,24000000,787000,50300.0,1800.0
Chloe Ting,http://youtube.com/channel/UCCgLoMYIyP0U56dEhEL1wXQ,Chloe Ting,FitnessHealth & Self Help,United States,24000000,204200,6300.0,580.0
NinjasHyper,http://youtube.com/channel/UCAW-NpUFkMyCNrvRSSGIvDQ,Ninja,AnimationVideo games,United States,24000000,184200,9800.0,645.0
Rans Entertainment,http://youtube.com/channel/UCvA9_f5Lwk-poMynabtrZPg,Rans Entertainment,Music & DanceHumor,Indonesia,24000000,861600,28800.0,743.0
Raffy Tulfo in Action,http://youtube.com/channel/UCxhygwqQ1ZMoBGQM2yEcNug,Raffy Tulfo in Action,News & Politics,Philippines,23600000,600300,10900.0,1100.0
Logan Paul,http://youtube.com/channel/UCG8rbF3g2AMX70yOd8vqIZg,Logan Paul,Video gamesHumor,United States,23600000,0,,
Sandeep Maheshwari,http://youtube.com/channel/UCBqFKDipsnzvJdt6UT0lMIg,Sandeep Maheshwari,Daily vlogs,India,23400000,1800000,109800.0,5300.0
ChrisBrownTV,http://youtube.com/channel/UCcYrdFJF7hmPXRNaWdrko4w,Chris Brown,Music & Dance,United States,23400000,794600,28500.0,1100.0
ColdplayVEVO,http://youtube.com/channel/UCDPM_n1atn2ijUwHd0NNRQw,Coldplay,Music & Dance,United States,23400000,43400,3800.0,90.0
DjSnakeTV,http://youtube.com/channel/UC_x8HoD18XJkILQBreVENUQ,DJ Snake,Music & Dance,India,23200000,639200,34700.0,1800.0
NickyJamTV,http://youtube.com/channel/UCpb_iJuhFe8V6rQdbNqfAlQ,NickyJamTV,Music & DanceMovies,Colombia,23200000,138500,6900.0,268.0
TRANS7indonesia,http://youtube.com/channel/UC24_Z2L-8Ki183AI9zJJzNQ,TRANS7 OFFICIAL,Food & Drinks,Indonesia,23200000,4700,80.0,8.0
ABPLIVE,http://youtube.com/channel/UCmphdqZNmqL72WJ2uyiNw5w,ABPLIVE,News & Politics,India,23200000,2200,23.0,2.0
Mister Max,http://youtube.com/channel/UC_8PAD0Qmi6_gpe77S1Atgg,Mister Max,DIY & Life Hacks,Russia,23000000,1700000,45400.0,719.0
EnriqueIglesiasPlay,http://youtube.com/channel/UC-6czyMkxDi8E8akPl0c7_w,Enrique Iglesias,Music & Dance,United States,22800000,32500,3200.0,154.0
JellyYT,http://youtube.com/channel/UC0DZmkupLYwc0yDsfocLh0A,Jelly,Video games,United States,22800000,194100,9600.0,357.0
netdmuzikk,http://youtube.com/channel/UCR5wZcXtOUka8jTA57flzMg,netd müzik,Music & Dance,Turkey,22600000,13800,311.0,54.0
THECHAINSMOKERS,http://youtube.com/channel/UCq3Ci-h945sbEYXpVlw7rJg,The Chainsmokers,Humor,United States,22300000,634700,18900.0,544.0
onemeeeliondollars,http://youtube.com/channel/UCY1kMZp36IQSyNx_9h4mpCg,Mark Rober,Science & Technology,United States,22200000,13000000,584700.0,19200.0
Frost Diamond,http://youtube.com/channel/UC4hGmH5sABOA70D4fGb8qNQ,Frost Diamond,Music & DanceVideo games,Indonesia,22200000,685400,35000.0,1600.0
gmmgrammyofficial,http://youtube.com/channel/UCG9gfnA5UDoLvz-tC9B-HKw,GMM GRAMMY OFFICIAL,Music & Dance,Thailand,22000000,3200,63.0,3.0
Miss Katy,http://youtube.com/channel/UCcartHVtvAUzfajflyeT_Gg,Miss Katy,Video games,Russia,22000000,1700000,25400.0,925.0
The Lallantop,http://youtube.com/channel/UCx8Z14PpntdaxCt2hakbQLQ,The Lallantop,News & Politics,India,21800000,31500,717.0,113.0
WHBBP,http://youtube.com/channel/UCopY0NAzASqmD6eVaRj2TFQ,White Hill Music,Music & Dance,India,21600000,28400,1000.0,47.0
Paulo Londra,http://youtube.com/channel/UCzI7wZyqk7jpXWT_MILjepw,Paulo Londra,Music & Dance,Argentina,21600000,13400000,982900.0,28800.0
siavideos,http://youtube.com/channel/UCN9HPn2fq-NL8M5_kp4RWZQ,Sia,Music & Dance,United States,21600000,79300,6900.0,686.0
AmericasGotTalent,http://youtube.com/channel/UCT2X19JJaJGUN7mrYuImANQ,America's Got Talent,Music & DanceMovies,United States,21400000,1200000,19100.0,622.0
oRugrat,http://youtube.com/channel/UCilwZiBBfI9X6yiZRzWty8Q,FaZe Rug,Video gamesHumor,United States,21400000,3300000,112500.0,6900.0
hamaarbhojiwood,http://youtube.com/channel/UCYLlkv4hivYJlOk6Lo-RHNQ,Wave Music Bhojpuri,Music & Dance,India,21200000,11400,201.0,24.0
PenIndiaPvtLimited,http://youtube.com/channel/UC3ar28GS6o1p0m_wabfk2zw,Pen Movies,MoviesAnimation,India,21000000,55700,1900.0,113.0
Tasty,http://youtube.com/channel/UCJFp8uSYCjXOMnkUyb3CQ3Q,Tasty,Food & Drinks,United States,21000000,245700,8700.0,348.0
5-Minute Crafts DIY,http://youtube.com/channel/UC2etEuPIfohP4P53wM0KImA,5-Minute Crafts DIY,Music & DanceHumor,India,20900000,22700,403.0,13.0
SSundee,http://youtube.com/channel/UCke6I9N4KfC968-yRcd5YRg,SSundee,Video games,United States,20900000,2000000,103800.0,3500.0
FGTeeV,http://youtube.com/channel/UCC-RHF_77zQdKcA75hr5oTQ,FGTeeV,AnimationVideo games,United States,20800000,1400000,17400.0,2200.0
Baim Paula,http://youtube.com/channel/UC5xAPCVizxOfnMECMXkal2Q,Baim Paula,Music & DanceMovies,Indonesia,20800000,912900,38300.0,2500.0
CanalCanalha,http://youtube.com/channel/UCPHXtOVmjvbP9OJihsd7gCg,Canal Canalha,Sports,Brazil,20800000,1300000,201700.0,4200.0
Juan De Dios Pantoja,http://youtube.com/channel/UCzoUWqjCbcfWFdOMvoep8FA,Juan De Dios Pantoja,Daily vlogs,Mexico,20800000,4300000,286400.0,4600.0
PrestonPlayz,http://youtube.com/channel/UC70Dib4MvFfT1tU6MqeyHpQ,Preston,AnimationVideo games,United States,20600000,4000000,88100.0,2400.0
JakePaulProductions,http://youtube.com/channel/UCcgVECVN4OKV6DH1jLkqmcA,Jake Paul,Fitness,United States,20400000,1200000,63600.0,5100.0
CharliesVlogs,http://youtube.com/channel/UCwppdrjsBPAZg5_cUwQjfMQ,Charlie Puth,Music & Dance,United States,20400000,92300000,5800000.0,367600.0
BuzzFeedVideo,http://youtube.com/channel/UCpko_-a4wgz2u_DgDgd9fqA,BuzzFeedVideo,Food & Drinks,United States,20400000,27100,747.0,105.0
BeckyGOfficial,http://youtube.com/channel/UCgtNC51EUSgcZ6kKyVoPxKA,Becky G,Music & Dance,United States,20400000,55800,3000.0,92.0
TheEnaldinhO,http://youtube.com/channel/UC2bYhAHyaqfWlPXWBVk4BcA,Enaldinho,Movies,Brazil,20400000,478600,31500.0,453.0
TheFineBros,http://youtube.com/channel/UC0v-tlzsn0QZwJnkiaUSJVQ,REACT,Humor,United States,20200000,138800,5700.0,355.0
AuthenticGames,http://youtube.com/channel/UCIPA6iWNaoetaa1T46RkzXw,AuthenticGames,MoviesVideo games,Brazil,20200000,31900,3400.0,155.0
LazarBeam,http://youtube.com/channel/UCw1SQ6QRRtfAhrN_cjkrOgA,LazarBeam,AnimationVideo games,United States,20100000,3400000,143500.0,5000.0
VEVO,http://youtube.com/channel/UC2pmfLm7iq6Ov1UwYrWYkZA,Vevo,Music & Dance,United States,20000000,5400,224.0,4.0
SlivkiChanel,http://youtube.com/channel/UCU_yU4xGT9hrVFo6euH8LLw,SlivkiShow,Video games,Russia,20000000,2100000,167500.0,16600.0
Brent Rivera,http://youtube.com/channel/UC56D-IHcUvLVFTX_8NpQMXg,Brent Rivera,Video gamesHumor,United States,19900000,7500000,531900.0,10600.0
rossbollinger,http://youtube.com/channel/UCUAL--p3qAa27luR0IYbjZA,Pencilmation,AnimationHumor,United States,19800000,497300,5900.0,112.0
Mnet,http://youtube.com/channel/UCbD8EppRX3ZwJSou-TVo90A,Mnet K-POP,Music & DanceAnimation,United States,19800000,17300,1700.0,81.0
RotanaAudio,http://youtube.com/channel/UCNhqvQMXIgRfjAGmxQqdNRw,Rotana,Music & Dance,Saudi Arabia,19800000,331700,2400.0,77.0
Noor Stars,http://youtube.com/channel/UChOPyo-uWLVi5uO53mSBX-w,Noor Stars,MoviesHumor,Iraq,19400000,1400000,118200.0,6300.0
MrVivekBindra,http://youtube.com/channel/UCR-foyF-C6VuAlwy3KZMkgA,Dr. Vivek Bindra: Motivational Speaker,Education,India,19400000,399500,22100.0,678.0
romeo,http://youtube.com/channel/UCyxbZF7_PK4nLiexj0kkCNg,Romeo Santos,Music & Dance,United States,19300000,429800,11300.0,423.0
MARVEL,http://youtube.com/channel/UCvC4D8onUfXzvjTOM-dBfEA,Marvel Entertainment,MoviesAnimation,United States,19200000,246900,13800.0,536.0
gordonramsay,http://youtube.com/channel/UCIEv3lZ_tNXHzL3ox-_uUGQ,Gordon Ramsay,Food & DrinksHealth & Self Help,United States,19200000,154600,4700.0,307.0
Infinite,http://youtube.com/channel/UC_hSjGOO67A6gIDUcyuv_8A,Infinite,Video gamesHumor,United States,19200000,1700000,55700.0,5300.0
Gusttavo Lima Oficial,http://youtube.com/channel/UCXooz9whNJZBRTHi9AqdjPw,Gusttavo Lima Oficial,Music & Dance,Brazil,19200000,0,,
gmapublicaffairs,http://youtube.com/channel/UCj5RwDivLksanrNvkW0FB4w,GMA Public Affairs,News & Politics,Philippines,19200000,7400,101.0,7.0
DLS News,http://youtube.com/channel/UCw0ry7cLRUnq3Oaszlhgqfg,DLS News,News & Politics,India,19000000,69700,2300.0,179.0
fatosdesconhecidos,http://youtube.com/channel/UCbAiIkPobUFy71zlmwVw3jw,Fatos Desconhecidos,Science & Technology,Brazil,19000000,167100,15500.0,545.0
Crafty Panda,http://youtube.com/channel/UC03RvJoIhm_fMwlUpm9ZvFw,Crafty Panda,Music & Dance,India,19000000,64900,535.0,13.0
RobinHoodGamer1,http://youtube.com/channel/UCYtaoJSk9iIrFxx8eZB15ag,Robin Hood Gamer,AnimationVideo games,Brazil,19000000,961400,77600.0,922.0
NBA,http://youtube.com/channel/UCWJ2lWNubArHWmf3FIHbfcQ,NBA,Sports,United States,19000000,76600,3000.0,146.0
LankyBox,http://youtube.com/channel/UCSf0s2ogUVYpJPuzW1zpAOg,LankyBox,Video games,United States,19000000,708600,11000.0,397.0
The ACE Family,http://youtube.com/channel/UCWwWOFsW68TqXE-HZLC3WIA,The ACE Family,Humor,United States,18800000,1200000,46900.0,1700.0
OfficialClashOfClans,http://youtube.com/channel/UCD1Em4q90ZUK2R5HKesszJg,Clash of Clans,MoviesAnimation,United States,18800000,3800000,78200.0,2000.0
JimmyKimmelLive,http://youtube.com/channel/UCa6vGFO9ty8v5KZJXQxdhaw,Jimmy Kimmel Live,Movies,United States,18800000,139700,3800.0,289.0
Kurzgesagt,http://youtube.com/channel/UCsXVk37bltHxD1rDPwtNM8Q,Kurzgesagt – In a Nutshell,Education,United States,18800000,4900000,340400.0,16400.0
Lil Nas X,http://youtube.com/channel/UC_uMv3bNXwapHl8Dzf2p01Q,Lil Nas X,Music & Dance,United States,18600000,334500,25600.0,1900.0
BritainsGotTalent09,http://youtube.com/channel/UCUtZaxDF3hD5VK4xRYFBePQ,Britain's Got Talent,Music & DanceMovies,United Kingdom,18600000,80400,1600.0,42.0
icreateddisco,http://youtube.com/channel/UCIjYyZxkFucP_W-tmXg_9Ow,Calvin Harris,Music & Dance,United States,18400000,473800,16500.0,818.0
Cardi B,http://youtube.com/channel/UCxMAbVFmxKUVGAll0WVGpFw,Cardi B,Music & Dance,United States,18400000,517400,28600.0,2700.0
sonotekvideo,http://youtube.com/channel/UC3zVeAaoPEN1Tu25dW3G2Ig,Sonotek,Music & Dance,India,18200000,122700,543.0,33.0
Unbox Therapy,http://youtube.com/channel/UCsTcErHg8oDvUnTzoqsYeNw,Unbox Therapy,Science & Technology,United States,18200000,1100000,8400.0,1200.0
Ninja Kidz TV,http://youtube.com/channel/UCpZ88DWlKW0H_AYDaUZptcw,Ninja Kidz TV,Video games,United States,18200000,793900,18800.0,1300.0
HiMan,http://youtube.com/channel/UCM44x9uWlx__9M9Y2IFhxzQ,HiMan,Video games,Russia,18200000,3200000,166700.0,5200.0
CookieSwirlC,http://youtube.com/channel/UCelMeixAOTs2OQAAi9wU8-g,CookieSwirlC,Video games,United States,18200000,510500,3800.0,619.0
MiawAug,http://youtube.com/channel/UC3J4Q1grz46bdJ7NJLd4DGw,MiawAug,Video games,Indonesia,18000000,889600,39800.0,3100.0
PDKFilms,http://youtube.com/channel/UC-F6LZSWz34xKknY8NNCzgQ,PDK Films,MoviesAnimation,United States,18000000,1700000,35900.0,1100.0
DanielSaboya,http://youtube.com/channel/UCEUf_uUDUfJJ3XfgwOxm-0A,Dan-Sa / Daniel Saboya,Music & DanceAnimation,Brazil,18000000,42400,1600.0,35.0
GEN HALILINTAR,http://youtube.com/channel/UCfRNJiafEm1LBBGFTTq4cXw,GEN HALILINTAR,Music & DanceHumor,Indonesia,18000000,983200,26400.0,226.0
TheOdd1sOut,http://youtube.com/channel/UCo8bcnLyZH8tBIH9V1mLgqQ,TheOdd1sOut,MoviesAnimation,United States,18000000,6000000,404500.0,24100.0
ElTrollino,http://youtube.com/channel/UCI2FmVp--YL8d7iVFt8mmxg,ElTrollino,AnimationVideo games,Mexico,18000000,3000000,95600.0,2100.0
Lele Pons,http://youtube.com/channel/UCi9cDo6239RAzPpBZO9y5SA,Lele Pons,MoviesHumor,United States,17800000,38100,2000.0,32.0
farrukotv,http://youtube.com/channel/UCqFhfan_P2AmGVB1X2B-3Aw,Farruko,Music & Dance,United States,17800000,92900,7000.0,276.0
Emiway Bantai,http://youtube.com/channel/UCHmk8iNJHvf5mGN6_pkPc7g,Emiway Bantai,Music & Dance,India,17800000,6200000,499500.0,93700.0
therealdemilovato,http://youtube.com/channel/UCZkURf9tDolFOeuw_4RD7XQ,Demi Lovato,Music & Dance,United States,17800000,55700,6900.0,267.0
invictorgs3,http://youtube.com/channel/UChOQkbLHWi3zSCUjT7Kjd1g,invictor,AnimationVideo games,Mexico,17800000,1300000,56700.0,993.0
The Royalty Family,http://youtube.com/channel/UCja7QUMRG9AD8X2F_vXFb9A,The Royalty Family,Humor,United States,17800000,3400000,110700.0,
Matroix,http://youtube.com/channel/UCYVinkwSX7szARULgYpvhLw,Ali-A,Video games,United States,17800000,625600,23500.0,1300.0
rhettandlink2,http://youtube.com/channel/UC4PooiX37Pld1T8J5SYT-SQ,Good Mythical Morning,Food & Drinks,United States,17800000,1100000,34200.0,1300.0
Naisa Alifia Yuriza (N.A.Y),http://youtube.com/channel/UCtjFp8VXWIscsqQ2wokpo3Q,Naisa Alifia Yuriza (N.A.Y),Music & DanceMovies,Indonesia,17800000,802900,33700.0,718.0
Lil Pump,http://youtube.com/channel/UC6pjHMC4QXMi4llCCjtDXWg,Lil Pump,Music & Dance,United States,17800000,770600,41300.0,3600.0
dj47maryn,http://youtube.com/channel/UCf31Gf5nCU8J6eUlr7QSU0w,Marmok,AnimationVideo games,Russia,17600000,3500000,335700.0,14000.0
TheGrefg,http://youtube.com/channel/UCCEmjNPpJYhGDgaEqeeA4HA,TheGrefg,AnimationVideo games,Spain,17600000,1200000,101600.0,1200.0
SCTVIndonesia,http://youtube.com/channel/UC_vsErcsq56hOscPHkG-aVw,SCTV,Music & DanceMovies,Indonesia,17600000,13400,293.0,12.0
rsiammusic,http://youtube.com/channel/UCLcCpNY-zaL3vEERD5rh5Ew,RsiamMusic : อาร์สยาม,Music & Dance,Thailand,17500000,9200,216.0,12.0
ThePoznavatel,http://youtube.com/channel/UCXTMoE1XgvxN4iCt5-gZzCw,Познаватель,ToysDIY & Life Hacks,Russia,17500000,3800000,57700.0,2600.0
portadosfundos,http://youtube.com/channel/UCEWHPFNilsT0IfQfutVzsag,Porta dos Fundos,MoviesAnimation,Brazil,17300000,745700,78600.0,1500.0
SebastianYatra,http://youtube.com/channel/UCssFxr-IdIa-wpG3jUXYrmw,Sebastián Yatra,Music & Dance,Colombia,17300000,16700,1300.0,19.0
RobleisIUTU,http://youtube.com/channel/UCG8eSYvOQUpb9HM8zU5d6xg,RobleisIUTU,MoviesAnimation,Argentina,17300000,935600,55000.0,1100.0
officialpsy,http://youtube.com/channel/UCrDkAvwZum-UTjHmzDI2iIw,officialpsy,Music & Dance,United States,17300000,282000,14400.0,566.0
Willyrex,http://youtube.com/channel/UC8rNKrqBxJqL9izOOMxBJtw,Willyrex,Video games,Mexico,17100000,142800,8900.0,118.0
TEDEducation,http://youtube.com/channel/UCsooa4yRKGN_zEE8iknghZA,TED-Ed,Science & Technology,United States,17100000,338600,15100.0,710.0
HowToBasic,http://youtube.com/channel/UCR4s1DE9J4DHzZYXMltSMAg,HowToBasic,Food & Drinks,United States,17100000,679800,45900.0,3500.0
grammygoldofficia,http://youtube.com/channel/UCFWsjsN53Sqvg2pWhSFmWBQ,Grammy Gold Official,Music & Dance,Thailand,17100000,15300,540.0,14.0
musicalrmastv,http://youtube.com/channel/UCVrstuGnHjpUXr9G98wwKow,الـريماس - Al-Remas,Music & Dance,Iraq,16900000,196300,4600.0,257.0
JasonDerulo,http://youtube.com/channel/UCe3yZzUwpmy2eKKmF9svX0Q,Jason Derulo,Music & Dance,United States,16800000,51300,3400.0,61.0
Rafa & Luiz,http://youtube.com/channel/UC6paX0kLA8D81aYogceMufw,Rafa & Luiz,Video games,Brazil,16700000,553000,34500.0,856.0
Tu COSMOPOLIS,http://youtube.com/channel/UCo4ywJQXfUIB0lCBpczW3cA,Tu COSMOPOLIS,News & Politics,Mexico,16700000,99100,7600.0,751.0
Jane ASMR 제인,http://youtube.com/channel/UC2fsxQr6Hcx1enORxXgKpxQ,Jane ASMR 제인,Daily vlogs,United States,16700000,381000,7000.0,378.0
jquintanac5,http://youtube.com/channel/UCq_oSgHK9lk6NUUgkhUOPnw,DeToxoMoroxo,MoviesAnimation,Mexico,16700000,480300,19700.0,6200.0
AnittaOficial,http://youtube.com/channel/UCqjjyPUghDSSKFBABM_CXMw,Anitta,Music & Dance,Brazil,16700000,36000,3600.0,118.0
Triggered Insaan,http://youtube.com/channel/UCfLuT3JwLx8rvHjHfTymekw,Triggered Insaan,Humor,India,16500000,7000000,759000.0,41300.0
TheBrianMaps,http://youtube.com/channel/UCyJrhZm9KXrzRub3-wD2zWg,TheBrianMaps,Video gamesHumor,Russia,16500000,3200000,255400.0,13300.0
iberethenorio,http://youtube.com/channel/UCKHhA5hN2UohhFDfNXB_cvQ,Manual do Mundo,Science & Technology,Brazil,16399999,375800,44600.0,594.0
monstafluffmusicTV,http://youtube.com/channel/UCNqFDjYTexJDET3rPDrmJKg,7clouds,Music & Dance,United States,16300000,131500,2400.0,142.0
zbingzbing,http://youtube.com/channel/UC5zGJZpxeZPFcds5gFcDE7Q,zbing z.,AnimationVideo games,Thailand,16300000,608100,18700.0,741.0
ppextras,http://youtube.com/channel/UCY8LnVxm0Hf7DKPKuLPxb2g,ExtraPolinesios,Daily vlogs,Mexico,16300000,54200,4300.0,59.0
Antrax,http://youtube.com/channel/UCNbwP-bKUlKrE_5qDwvFILQ,Antrax,Video games,Mexico,16100000,1600000,95200.0,5700.0
tanboy kun,http://youtube.com/channel/UC8rHUssNDJ9YEjfduAqJBmw,tanboy kun,Music & Dance,Indonesia,16100000,1700000,57500.0,2300.0
queenofficial,http://youtube.com/channel/UCiMhD4jzUqG-IgPzUmmytRQ,Queen Official,Music & DanceMovies,United States,16100000,167100,9200.0,345.0
Dhar Mann,http://youtube.com/channel/UC_hK9fOxyy_TM8FJGXIyG8Q,Dhar Mann,Health & Self Help,United States,16100000,5900000,121400.0,6700.0
SOMOY TV,http://youtube.com/channel/UCxHoBXkY88Tb8z1Ssj6CWsQ,SOMOY TV,Daily vlogs,Bangladesh,16100000,7700,163.0,10.0
MatthewPatrick13,http://youtube.com/channel/UCo_IB5145EVNcf8hw1Kku7w,The Game Theorists,Science & Technology,United States,16000000,1900000,113100.0,6600.0
Camila Cabello,http://youtube.com/channel/UCio_FVgKVgqcHrRiXDpnqbw,Camila Cabello,Music & DanceMovies,United States,15900000,323800,19700.0,749.0
TRANSTVofficial,http://youtube.com/channel/UCIohHXwCEKxWCLvAguJ-GjA,TRANS TV Official,Music & Dance,Indonesia,15900000,970,13.0,1.0
Sourav Joshi Vlogs,http://youtube.com/channel/UCjvgGbPPn-FgYeguc5nxG4A,Sourav Joshi Vlogs,Daily vlogs,India,15900000,5600000,524100.0,14700.0
DopeLyrics,http://youtube.com/channel/UCvR2R7j218tzejtTsb_X6Rw,DopeLyrics,Music & Dance,United States,15900000,12400,408.0,49.0
boyceavenue,http://youtube.com/channel/UCgc00bfF_PvO_2AvqJZHXFg,Boyce Avenue,Music & Dance,Brazil,15900000,209900,5900.0,181.0
failarmy,http://youtube.com/channel/UCPDis9pjXuqyI7RYLJ-TTSA,FailArmy,AnimationHumor,United States,15900000,2100000,19600.0,592.0
Aayu and Pihu Show,http://youtube.com/channel/UCFcBAGR0drI3F15EhMFjuTg,Aayu and Pihu Show,MoviesHumor,India,15900000,3800000,91500.0,2300.0
marquesbrownlee,http://youtube.com/channel/UCBJycsmduvYEL83R_U4JriQ,Marques Brownlee,Science & Technology,United States,15900000,2000000,93700.0,5400.0
vice,http://youtube.com/channel/UCn8zNIfYAQNdrFRrr8oibKw,VICE,News & Politics,United States,15900000,409700,7800.0,1400.0
Kaykai Salaider,http://youtube.com/channel/UCdLGCJcIGu5ExzYN6CXtkIw,Kaykai Salaider,MoviesHumor,Thailand,15900000,1000000,62100.0,1800.0
movieclipsTRAILERS,http://youtube.com/channel/UCi8e0iOVk1fEOogdfu4YgfA,Movieclips Trailers,MoviesAnimation,United States,15700000,61200,1000.0,82.0
MegatoadStonie,http://youtube.com/channel/UCd1fLoVFooPeWqCEYVUJZqg,Matt Stonie,Food & Drinks,United States,15700000,2100000,122500.0,1200.0
PitbullMusic,http://youtube.com/channel/UCv8nzwVPQDRjkPCkEsOdEwA,Pitbull,Music & Dance,United States,15700000,82900,4100.0,285.0
Ivana Alawi,http://youtube.com/channel/UCypeLkg3Ne5-LIyiB41b1GQ,Ivana Alawi,Daily vlogs,Philippines,15700000,4300000,203800.0,6600.0
AMARINTV : อมรินทร์ทีวี,http://youtube.com/channel/UCzMoibQRslh_1bTuW0YXc6A,AMARINTV : อมรินทร์ทีวี,News & Politics,Thailand,15700000,9300,118.0,11.0
Sidemen,http://youtube.com/channel/UCDogdKl7t7NHzQ95aEwkdMw,Sidemen,Video gamesHumor,United Kingdom,15600000,7900000,366100.0,11000.0
Dyland PROS,http://youtube.com/channel/UCXdmo_q4SawYMz-dmeKEHPQ,Dyland PROS,MoviesAnimation,Indonesia,15500000,65300,4100.0,265.0
popchartbusters,http://youtube.com/channel/UCzL6rJhkoXkIt0fCv9T9_uA,Pop Chartbusters,Music & Dance,India,15500000,11900,422.0,73.0
RomanAtwoodVlogs,http://youtube.com/channel/UC-SV8-bUJfXjrRMnp7F8Wzw,Roman Atwood Vlogs,MoviesHumor,United States,15500000,384900,19100.0,1100.0
AdMe,http://youtube.com/channel/UCuVpbMt4yu4I9eAey3khnGg,AdMe,Animation,Russia,15500000,32700,1200.0,62.0
OGatoGalactico,http://youtube.com/channel/UCbt4SegZBQLeXMTMvnrfZtw,Gato Galactico | GALÁXIA,Animation,Brazil,15400000,90800,4000.0,98.0
Sidhu Moose Wala,http://youtube.com/channel/UC9ChdqQRCaZmTCwSJ49tcbw,Sidhu Moose Wala,Music & Dance,India,15400000,33800000,3500000.0,1700000.0
wifistudy,http://youtube.com/channel/UCuWuAvEnKWez5BUr29VpwqA,wifistudy,Education,India,15300000,7700,533.0,11.0
RCTI - LAYAR DRAMA INDONESIA,http://youtube.com/channel/UCzTsWuCdVP_vehWyGwPcS3Q,RCTI - LAYAR DRAMA INDONESIA,Music & DanceMovies,Indonesia,15300000,24700,394.0,24.0
CamiloMusicaVideo,http://youtube.com/channel/UCw0aKHSGFGyrnMeVnHeYMyw,Camilo,Music & Dance,Colombia,15300000,161700,9000.0,126.0
News24page,http://youtube.com/channel/UCuzS3rPQAYqHcLWqOFuY0pw,News24,News & Politics,India,15300000,6900,106.0,9.0
Kerajinan 5-Menit,http://youtube.com/channel/UClIYfCAhMAlacxT0e_sl1uA,Kerajinan 5-Menit,Music & Dance,Indonesia,15100000,21800,212.0,10.0
TheRichest,http://youtube.com/channel/UCdxi8d8qRsRyUi2ERYjYb-w,TheRichest,News & Politics,United States,15100000,21300,813.0,89.0
T3DDYgames,http://youtube.com/channel/UC5mZsx_OVnc4XmG9rWU2p3A,T3ddy,Daily vlogs,Brazil,15100000,854500,92500.0,2600.0
ntvru,http://youtube.com/channel/UCsA_vkmuyIRlYYXeJueyIJQ,НТВ,News & Politics,Russia,15000000,82300,901.0,216.0
ranziscool,http://youtube.com/channel/UCdAt_KUKt0g9ZRQ7gwKaN3A,Ranz Kyle,Humor,Philippines,14900000,647500,25700.0,706.0
TalkingFriends,http://youtube.com/channel/UCDCNmuaOXOo25Yn4mbMHhhQ,Talking Tom & Friends,AnimationHumor,United States,14900000,386500,3100.0,
popskids,http://youtube.com/channel/UC5ezaYrzZpyItPSRG27MLpg,POPS Kids,Animation,Indonesia,14900000,2300,15.0,
Makiman131,http://youtube.com/channel/UCevY-z55kr37ZAXG15F-KiA,Makiman131,MoviesAnimation,Spain,14900000,330900,21400.0,576.0
kwebbelkop,http://youtube.com/channel/UCfLuMSIDmeWRYpuCQL0OJ6A,Kwebbelkop,AnimationVideo games,United States,14900000,99800,2600.0,145.0
hejproducao,http://youtube.com/channel/UCfLTxnQboSLcoSakgONmukQ,Henrique e Juliano,Music & Dance,Brazil,14900000,60800,2700.0,37.0
RiotGamesInc,http://youtube.com/channel/UC2t5bjwHdUX4vM2g8TRDq5g,League of Legends,MoviesAnimation,United States,14900000,539100,24600.0,1100.0
LEGO,http://youtube.com/channel/UCP-Ng5SXUEt0VE-TXqRdL6g,LEGO,Animation,United States,14900000,25900,433.0,
Lachlan,http://youtube.com/channel/UCh7EqOZt7EvO2osuKbIlpGg,Lachlan,Video games,United States,14900000,667300,27900.0,1100.0
Niana Guerrero,http://youtube.com/channel/UCLysbxhOO_JPOPgcsPCMb8w,Niana Guerrero,Music & DanceHumor,Philippines,14700000,478200,18900.0,547.0
laharimusic,http://youtube.com/channel/UCnSqxrSfo1sK4WZ7nBpYW1Q,Lahari Music | T-Series,Music & Dance,India,14700000,11400,301.0,8.0
LinusTechTips,http://youtube.com/channel/UCXuqSBlHAE6Xw-yeJA0Tunw,Linus Tech Tips,Science & Technology,United States,14700000,1400000,60800.0,3100.0
iTownGamePlay,http://youtube.com/channel/UCKmlxQVs0vHtaLldRIQ8lsA,iTownGamePlay *Terror&Diversión*,News & Politics,Mexico,14700000,342200,11800.0,538.0
GMMTVSPOTLIKE,http://youtube.com/channel/UC8BzJM6_VbZTdiNLD4R1jxQ,GMMTV OFFICIAL​​,Music & DanceMovies,Thailand,14700000,26300,631.0,19.0
majorlazer,http://youtube.com/channel/UCMJ5Qf3sOvQpcYiai1Noa3Q,Major Lazer Official,Music & DanceMovies,United States,14700000,0,,
mkmusicnews,http://youtube.com/channel/UCbVwJCxsVbmaP1PFmbGQDeQ,MK MUSIC,Music & Dance,Brazil,14700000,27000,1300.0,79.0
LEGENDA FUNK,http://youtube.com/channel/UCgO5cJ4sL1um054gGYusjiA,LEGENDA FUNK,Music & DanceAnimation,Brazil,14700000,7000,371.0,11.0
Alejo Igoa,http://youtube.com/channel/UCZs0WwC0Dn_noiQE2BHSTKg,Alejo Igoa,DIY & Life Hacks,Argentina,14600000,7500000,173500.0,9200.0
XpressTV,http://youtube.com/channel/UC0YFjwJc3b1otDerdv6CfWA,XpressTV,Science & Technology,Mexico,14500000,1900000,50200.0,725.0
Daftar Populer,http://youtube.com/channel/UCQW2tTNJ40V2T6MqV1eMZ0w,Daftar Populer,News & Politics,Indonesia,14500000,96600,2300.0,221.0
ndtvindia,http://youtube.com/channel/UC9CYT9gSNLevX5ey2_6CK0Q,NDTV India,News & Politics,India,14500000,18700,477.0,58.0
Bizarrap,http://youtube.com/channel/UCmS75G-98QihSusY7NfCZtw,Bizarrap,Music & DanceMovies,Argentina,14500000,0,,
MattyBRaps,http://youtube.com/channel/UCmdY1pHB-KbFYxOyhwjVeQw,MattyBRaps,Music & DanceMovies,United States,14500000,1600000,7800.0,
jemproducoes,http://youtube.com/channel/UCL64gn1KZ1C-u87BGQv3b6w,Jorge & Mateus Oficial,Music & Dance,Brazil,14500000,32900,3600.0,79.0
Drawblogs,http://youtube.com/channel/UCkuPobJMx7DPUdwlVo1TFfA,Drawblogs,MoviesAnimation,Mexico,14500000,160600,3900.0,141.0
collegehumor,http://youtube.com/channel/UCPDXXXJj9nax0fr0Wfc048g,CollegeHumor,MoviesHumor,United States,14500000,628700,35100.0,1100.0
MonsieurDream,http://youtube.com/channel/UCyWqModMQlbIo8274Wh_ZsQ,Cyprien,MoviesAnimation,France,14500000,2300000,215000.0,11200.0
chadwildclay,http://youtube.com/channel/UCwaNuezahYT3BOjfXsne2mg,Chad Wild Clay,MoviesHumor,United States,14500000,2100000,40700.0,6300.0
Mobile Legends: Bang Bang Official,http://youtube.com/channel/UCqmld-BIYME2i_ooRTo1EOg,Mobile Legends: Bang Bang Official,MoviesAnimation,Indonesia,14500000,177100,2500.0,26.0
bbchindi,http://youtube.com/channel/UCN7B-QD0Qgn2boVH5Q0pOWg,BBC News Hindi,News & Politics,India,14400000,162200,,345.0
Arif muhammad,http://youtube.com/channel/UCfx3oPv3cJm2aCJ7UnhKx8A,Arif muhammad,Music & DanceMovies,Indonesia,14300000,2900000,83900.0,2700.0
thairathonline,http://youtube.com/channel/UCrFDdD-EE05N7gjwZho2wqw,Thairath Online,News & Politics,Thailand,14300000,17100,219.0,23.0
News18 India,http://youtube.com/channel/UCPP3etACgdUWvizcES1dJ8Q,News18 India,News & Politics,India,14300000,6000,82.0,5.0
MartinGarrix,http://youtube.com/channel/UC5H_KXkPbEsGs0tFt8R35mA,Martin Garrix,Music & Dance,United States,14300000,46400,1800.0,97.0
alanalan9635,http://youtube.com/channel/UCbp9MyKCTEww4CxEzc_Tp0Q,Stokes Twins,Video gamesHumor,United States,14300000,13700000,567400.0,29500.0
BollywoodClassics,http://youtube.com/channel/UCZ_OLiS7DkyCg89eV_qQMoQ,Bollywood Classics,Music & Dance,India,14300000,10800,182.0,8.0
TeamFilmsBhojpuri,http://youtube.com/channel/UCB4SvelHl4qjFSNYfxhp-SQ,Team Films Bhojpuri,Music & DanceMovies,India,14300000,21200,476.0,55.0
MrBeast Shorts,http://youtube.com/channel/UC4-79UOlP48-QNGgCko5p2g,MrBeast Shorts,Daily vlogs,United States,14300000,11400000,836500.0,3800.0
Genierock,http://youtube.com/channel/UCs2t9DlvAuyTBkvk2djGZKw,Genierock,Music & Dance,Thailand,14300000,51200,918.0,57.0
OfficialTrapCity,http://youtube.com/channel/UC65afEgL62PGFWXY7n6CUbA,Trap City,Music & Dance,United States,14300000,31700,1700.0,72.0
narendramodionline,http://youtube.com/channel/UCvxi7_X1VSaMr_osIamYNaw,NMF News,News & Politics,India,14300000,14800,325.0,34.0
Technoblade,http://youtube.com/channel/UCFAiFyGs6oDiF1Nf-rRJpZA,Technoblade,Video games,United States,14200000,67500000,7600000.0,1300000.0
Zach King,http://youtube.com/channel/UCq8DICunczvLuJJq414110A,Zach King,MoviesHumor,United States,14100000,475900,29000.0,849.0
TWICE,http://youtube.com/channel/UCzgxx_DM2Dcb9Y1spb9mUJA,TWICE,Music & DanceMovies,Philippines,14100000,1200000,95500.0,819.0
#Refugio Mental,http://youtube.com/channel/UCgQRN9EO5ksPZjs7EasIftQ,#Refugio Mental,Movies,Argentina,14100000,527600,5700.0,83.0
inventonahoratv,http://youtube.com/channel/UCR3vcUrhFUdzagng58ueI2w,Invento na Hora,AnimationHumor,Brazil,14100000,1100000,134300.0,1900.0
camilaloures,http://youtube.com/channel/UCvuJTWl_peL49CUfF2EAbyg,Camila Loures,MoviesHumor,Brazil,14100000,304900,24800.0,417.0
pognalishow,http://youtube.com/channel/UCwipTluVS2mjuhPtx2WU7eQ,Дима Масленников,Video games,Russia,14100000,4500000,402000.0,13100.0
CNN,http://youtube.com/channel/UCupvZG-5ko_eiXAupbDfxWw,CNN,Music & DanceAnimation,United States,14100000,203600,3300.0,3300.0
F2Freestylers,http://youtube.com/channel/UCKvn9VBLAiLiYL4FFJHri6g,F2Freestylers - Ultimate Soccer Skills Channel,Sports,United Kingdom,14100000,425400,17000.0,513.0
MasterskayaNastroeny,http://youtube.com/channel/UCRW3VLiVep5Ud4Ovhj2eUyA,Мастерская Настроения,MoviesVideo games,Russia,14100000,323500,8100.0,150.0
Zach Choi ASMR,http://youtube.com/channel/UCI78AdiI6f7VKhqW1i4B3Rw,Zach Choi ASMR,Daily vlogs,United States,14100000,840600,34900.0,1300.0
TheABSCBNNews,http://youtube.com/channel/UCE2606prvXQc_noEqKxVJXA,ABS-CBN News,News & Politics,Philippines,13900000,4300,44.0,4.0
Daily Dose Of Internet,http://youtube.com/channel/UCdC0An4ZPNr_YiFiYoVbwaw,Daily Dose Of Internet,Animals & Pets,United States,13900000,5900000,273800.0,8900.0
Unspeakable,http://youtube.com/channel/UCwIWAbIeu0xI0ReKWOcw3eg,Unspeakable,Video gamesHumor,United States,13900000,6500000,86400.0,6300.0
zeefilmimusic,http://youtube.com/channel/UCLWCv3y3FK1pqEbe_yzilsw,Zee Music Classic,Music & Dance,India,13900000,45300,599.0,23.0
Doc Tops,http://youtube.com/channel/UCAolsolgHiURrQBuZ4qe0lg,Doc Tops,Animation,Mexico,13900000,793500,36300.0,529.0
AM3NlC,http://youtube.com/channel/UCrGnb5RdHA9M6WGmBGYo4ZQ,AM3NlC,Food & Drinks,Brazil,13900000,210200,24600.0,362.0
NikkieTutorials,http://youtube.com/channel/UCzTKskwIc_-a0cGvCXA848Q,NikkieTutorials,Design/artBeauty,United States,13900000,347700,23000.0,1100.0
DM - Desi Melodies,http://youtube.com/channel/UC783dnzJqf2ghHp_pFLYbGA,DM - Desi Melodies,Music & Dance,India,13900000,316100,5700.0,136.0
UFC,http://youtube.com/channel/UCvgfXK4nTYKudb0rFR6noLA,UFC - Ultimate Fighting Championship,Sports,United States,13900000,106700,2400.0,347.0
mispastelitosyoutub,http://youtube.com/channel/UCkjjH0hsvaeRIuwGlM9oSvg,Mis Pastelitos,Food & Drinks,Mexico,13900000,1200000,35000.0,2000.0
Kuplinov ► Play,http://youtube.com/channel/UCdKuE7a2QZeHPhDntXVZ91w,Kuplinov ► Play,Video games,Russia,13700000,1900000,147500.0,3700.0
ChallengeAcceptedInc,http://youtube.com/channel/UCzYfz8uibvnB7Yc1LjePi4g,Aphmau,AnimationVideo games,United States,13700000,3600000,76900.0,4400.0
WWWengie,http://youtube.com/channel/UCD9PZYV5heAevh9vrsYmt1g,Wengie,DIY & Life Hacks,United States,13700000,67000,3800.0,107.0
EdisonPts,http://youtube.com/channel/UCrpt82vHWIWZSHtNQxncPrg,EdisonPts,Video games,Russia,13700000,1800000,130400.0,6400.0
vetealaversha,http://youtube.com/channel/UCmyIMuo8zRYgLshDff0vLuw,Darkar Company Studios,AnimationVideo games,Mexico,13700000,0,,
MAIKI021,http://youtube.com/channel/UCXhDFaOPG2zhiYm9eXuMKkA,MAIKI021,MoviesAnimation,Brazil,13700000,19600,3300.0,96.0
LIV Crime,http://youtube.com/channel/UCzXpAx4v6rFLYXkJZ5nmSvQ,LIV Crime,Daily vlogs,India,13700000,316700,3100.0,84.0
NOBRU,http://youtube.com/channel/UCqWmLengIKFXRjuL1YyXNSg,NOBRU,Video gamesToys,Brazil,13700000,359700,40000.0,358.0
RosannaPansino,http://youtube.com/channel/UCjwmbv6NE4mOh8Z8VhPUx1Q,Rosanna Pansino,DIY & Life Hacks,United States,13700000,1500000,28900.0,447.0
TazerCraft,http://youtube.com/channel/UCjBO43ykxlSs3j7F7EXcBUQ,TazerCraft,MoviesAnimation,Brazil,13700000,451200,33300.0,710.0
Auron,http://youtube.com/channel/UCFR2oaNj02WnXkOgLH0iqOA,Auron,Video games,Mexico,13700000,1600000,107500.0,1800.0
MNCTVOfficial,http://youtube.com/channel/UC34xi8JB1AKSotPUKHywbaA,MNCTV OFFICIAL ,Music & Dance,Indonesia,13700000,5500,119.0,5.0
fcbarcelona,http://youtube.com/channel/UC14UlmYlSNiQCBe9Eookf_A,FC Barcelona,Sports,United States,13500000,130699,9700.0,328.0
Hongyu ASMR 홍유,http://youtube.com/channel/UCxtLc0Jqq3SKBWlIXM_OC9g,Hongyu ASMR 홍유,ASMR,United States,13500000,1700000,17600.0,492.0
crashcourse,http://youtube.com/channel/UCX6b17PVsYBQ0ip5gyeme-Q,CrashCourse,Science & Technology,United States,13500000,27600,1300.0,34.0
Dan Rhodes,http://youtube.com/channel/UC6D1L2vxEAg_Vi0JSxMBDgA,Dan Rhodes,AnimationToys,India,13500000,544700,54700.0,404.0
SrtaLynaV,http://youtube.com/channel/UC-cnbLlplnXA4oc7rR21qzg,Lyna,MoviesAnimation,Mexico,13500000,405600,28600.0,2100.0
AzzyLand,http://youtube.com/channel/UCzeB_0FNcPIyUSjL_TL5lEw,AzzyLand,Animation,United States,13400000,210700,7500.0,611.0
H2ODelirious,http://youtube.com/channel/UCClNRixXlagwAd--5MwJKCw,H2ODelirious,AnimationVideo games,United States,13300000,137800,8300.0,251.0
FAPtivi,http://youtube.com/channel/UC0jDoh3tVXCaqJ6oTve8ebA,FAPTV,AnimationHumor,United States,13300000,1400000,20700.0,353.0
Kim Loaiza,http://youtube.com/channel/UCgmUtgxaeaT6CSHc70AQMEg,Kim Loaiza,Music & Dance,Mexico,13300000,19000000,979100.0,67100.0
ABCNews,http://youtube.com/channel/UCBi2mrWuNuyYy4gbM6fU18Q,ABC News,News & Politics,United States,13300000,6500,86.0,79.0
AtlanticVideos,http://youtube.com/channel/UCe4LM_eKc9ywRmVuBm5pjQg,Atlantic Records,Music & Dance,United States,13300000,0,,
MyMissAnand,http://youtube.com/channel/UCpCWa9f5_J3PqY-_Lg-_QfQ,MyMissAnand,MoviesHumor,India,13300000,2300000,73100.0,
iloveindianmakeup,http://youtube.com/channel/UCuN4A3GCUq5-0wJDSiJoxRQ,Anaysa,MoviesHumor,India,13300000,535100,21400.0,1000.0
JD Pantoja,http://youtube.com/channel/UCrEsfMzcv3zFZkaSj8jsB2g,JD Pantoja,Music & Dance,Mexico,13200000,903700,127900.0,7900.0
Wish 107.5,http://youtube.com/channel/UCdfq8-581QVUtVsa8ChVnDQ,Wish 107.5,Music & Dance,Philippines,13200000,122600,3300.0,231.0
theRadBrad,http://youtube.com/channel/UCpqXJOEqGS-TCnazcHCo0rA,theRadBrad,Video games,United States,13100000,189500,10400.0,565.0
The LaBrant Fam,http://youtube.com/channel/UC4-CH0epzZpD_ARhxCx6LaQ,The LaBrant Fam,Music & DanceHumor,United States,13100000,1300000,37300.0,
123 GO! Spanish,http://youtube.com/channel/UCYtt2TP3sqR9_qXnc1G4eRA,123 GO! Spanish,Animation,Mexico,13100000,319900,4300.0,87.0
PrestonPlayz,http://youtube.com/channel/UCJZam2u1G0syq3kyqrCXrNw,PrestonPlayz,AnimationVideo games,United States,13100000,2200000,44500.0,2600.0
SRKASSAMESE,http://youtube.com/channel/UCAH1Aw-mXgcB3t8uaqW4yTA,SRK MUSIC,Music & Dance,India,13100000,45100,1800.0,83.0
djzoi0,http://youtube.com/channel/UChPa3fnlI3RKuzEbeEPKRFw,Everson Zoio,MoviesAnimation,Brazil,12900000,256600,36500.0,3100.0
MattSDance,http://youtube.com/channel/UCczFdwWpVEpoqb-eMm4c4dQ,Matt Steffanina,Music & DanceMovies,United States,12900000,176700,8300.0,93.0
PozzitifonShow,http://youtube.com/channel/UCuZeiI5pdpgqDojXZujoYgg,Поззи,Video games,Russia,12900000,732100,34500.0,1900.0
DALLMYD,http://youtube.com/channel/UCI4fHQkguBNW3SwTqmehzjw,DALLMYD,Mystery,United States,12900000,375000,17100.0,983.0
JDCav24,http://youtube.com/channel/UCe0TLA0EsQbE-MjuHXevj2A,ATHLEAN-X™,FitnessHealth & Self Help,United States,12900000,307500,15300.0,760.0
NishaMadhulika,http://youtube.com/channel/UCgoxyzvouZM-tCgsYzrYtyg,NishaMadhulika,Food & Drinks,India,12900000,162100,4200.0,686.0
O Que Não Dizer Oficial,http://youtube.com/channel/UC19aAr6UojQesIVCBsXJGIw,O Que Não Dizer Oficial,MoviesAnimation,Brazil,12900000,426800,52900.0,522.0
twentyonepilots,http://youtube.com/channel/UCBQZwaNPFfJ1gZ1fLZpAEGw,twenty one pilots,Music & Dance,United States,12900000,14800,2300.0,65.0
typicalgamer,http://youtube.com/channel/UC2wKfjlioOCLP4xQMOWNcgg,Typical Gamer,Video games,United States,12900000,489900,12400.0,355.0
Alex Gonzaga Official,http://youtube.com/channel/UC6N-9Wh0DYhDI8sQS7jwjVA,Alex Gonzaga Official,Music & DanceHumor,Philippines,12900000,2800000,111000.0,2100.0
RedeTVhdBrasil,http://youtube.com/channel/UCd7VVhgnd2eCv9JEghvR_1w,RedeTV,News & Politics,Brazil,12900000,2800,93.0,3.0
MstrJames,http://youtube.com/channel/UCjgpFI5dU-D1-kh9H1muoxQ,Hacksmith,Video games,United States,12700000,284800,13400.0,225.0
Zeinab Harake,http://youtube.com/channel/UC-j7tR3DhEt85EM9HbvxXqA,Zeinab Harake,Daily vlogs,Philippines,12700000,3000000,219100.0,5300.0
#Refúgio Mental,http://youtube.com/channel/UChYkldqKWymAKTsPku_tDfg,#Refúgio Mental,MoviesAnimation,Brazil,12700000,272000,6400.0,68.0
PowerfulJRE,http://youtube.com/channel/UCzQUP1qoWDoEbmsQxvdjxgQ,PowerfulJRE,Daily vlogs,United States,12700000,647500,16500.0,2300.0
01032010814,http://youtube.com/channel/UC1zZE_kJ8rQHgLTVfobLi_g,TKOR,DIY & Life Hacks,United States,12700000,71600,2000.0,146.0
HusamYK,http://youtube.com/channel/UChDk1SYEDyC4s74mKwfBUKQ,Katakit Baby TV,Music & Dance,Saudi Arabia,12700000,164700,1500.0,
einerdtv,http://youtube.com/channel/UCt_4wzTQqmcUvemNkeO0plA,Ei Nerd,MoviesAnimation,Brazil,12700000,293000,42700.0,1600.0
bbcnews,http://youtube.com/channel/UC16niRr50-MSBwiO3YDb3RA,BBC News,News & Politics,United Kingdom,12700000,115300,1600.0,1100.0
BUDI01 GAMING,http://youtube.com/channel/UC8qp0ZmavLOGeSdLxSUZO8w,BUDI01 GAMING,MoviesAnimation,Indonesia,12700000,1500000,107400.0,6900.0
ГЛЕНТ,http://youtube.com/channel/UCBYvr4SqfGQd5fTmOXVQ4Zw,ГЛЕНТ,Video games,Russia,12700000,2900000,209700.0,6600.0
Health Time,http://youtube.com/channel/UCPMqs8vxEwbie26nFA3ykAw,Health Time,Daily vlogs,India,12700000,2500,97.0,
Coke Studio,http://youtube.com/channel/UCM1VesJtJ9vTXcMLLr_FfdQ,Coke Studio,Music & DanceMovies,Pakistan,12500000,456100,6400.0,289.0
jazzghost1,http://youtube.com/channel/UCIXguhHCl8eDTkXpEuiGPUA,Jazzghost,AnimationVideo games,Brazil,12500000,1000000,63200.0,2000.0
htpunjabi,http://youtube.com/channel/UCHcDpS0TXITVs0ZrBSIsEsA,Lokdhun Punjabi,Music & Dance,India,12500000,2100000,34300.0,10900.0
Lady Diana,http://youtube.com/channel/UCCB4-saKfwGbUFO2-rRdUqQ,Lady Diana,Music & Dance,Russia,12500000,1900000,69300.0,2500.0
tseriesregional,http://youtube.com/channel/UCy2fvV-mH_4AcIgqnLg9uDw,T-Series Regional,Music & Dance,India,12500000,4200,96.0,9.0
hamaarbhojpuri,http://youtube.com/channel/UCpN-WGQgGsOrXm7nHXDdTDA,T-Series Hamaar Bhojpuri,Music & Dance,India,12500000,22400,592.0,33.0
Crescendo com Luluca,http://youtube.com/channel/UCnrGkE2AmBAv6Vxj6kjf1jg,Crescendo com Luluca,Toys,Brazil,12500000,1100000,50500.0,4300.0
Dear Sir,http://youtube.com/channel/UC9dyrsYEmD4iGJ8Oz1G5dpw,Dear Sir,Education,India,12500000,119300,8900.0,1200.0
BBC,http://youtube.com/channel/UCCj956IF62FbT7Gouszaj9w,BBC,Movies,United Kingdom,12500000,17300,367.0,26.0
gymvirtual,http://youtube.com/channel/UCfwP2H1CDJvssk6g2pm8EgA,gymvirtual,Music & Dance,Mexico,12500000,84200,3600.0,72.0
Knowledge Tv हिन्दी,http://youtube.com/channel/UC-iSP6GoVwofKXs6Ei0PdlA,Knowledge Tv हिन्दी,Education,India,12500000,47200,2400.0,111.0
awakeningrecords,http://youtube.com/channel/UCBq5hp6DvwWam2XOXw6lYJA,Awakening Music,Music & Dance,Indonesia,12500000,19000,1200.0,92.0
AdexeOficial,http://youtube.com/channel/UCKR6KdJmTdhLVQJnoJu9tRQ,Adexe & Nau,Music & Dance,Mexico,12500000,78900,6200.0,602.0
Piuzinho,http://youtube.com/channel/UCIvBHgnnLSVr9enuPvBuwyw,Piuzinho,AnimationHumor,Brazil,12500000,441400,63000.0,1200.0
MSA previously My Story Animated,http://youtube.com/channel/UCYzEMRKqrh01-tauv7MYyVQ,MSA previously My Story Animated,AnimationHumor,United States,12500000,7700000,187700.0,6500.0
React,http://youtube.com/channel/UCHEf6T_gVq4tlW5i91ESiWg,People Vs Food,Food & Drinks,United States,12500000,537900,20600.0,1300.0
RayWilliamJohnson,http://youtube.com/channel/UCGt7X90Au6BV8rf49BiM6Dg,Ray William Johnson,AnimationHumor,United States,12500000,2800000,265900.0,1700.0
rebeccazamolo1,http://youtube.com/channel/UCfw8x3VR-ElcaWW2Tg_jgSA,Rebecca Zamolo,Video gamesHumor,United States,12500000,4099999,70800.0,5900.0
Brawl Stars,http://youtube.com/channel/UCooVYzDxdwTtGYAkcPmOgOw,Brawl Stars,Animation,United States,12500000,6500000,324000.0,17400.0
Juliana Baltar,http://youtube.com/channel/UCqDauP_ke8Lwt8Hg3Xv-8Iw,Juliana Baltar,MoviesHumor,Brazil,12500000,173000,11500.0,288.0
TalkingAngelaCat,http://youtube.com/channel/UCPcynnZcILjm0e2aaaTuCjw,Talking Angela,Music & Dance,United States,12500000,122600,2800.0,138.0
StudyIQ IAS,http://youtube.com/channel/UCrC8mOqJQpoB7NuIMKIS6rQ,StudyIQ IAS,Education,India,12300000,9400,517.0,10.0
karameeshchannel,http://youtube.com/channel/UCZ7V5FSAdPkRjPf64pPx9-Q,karameeshchannel,Music & Dance,Jordan,12300000,206600,2100.0,
Troom Troom PT,http://youtube.com/channel/UCgCQlMYN2XypwYC2wcR32bA,Troom Troom PT,Toys,Brazil,12300000,123700,2700.0,26.0
Meghan Trainor,http://youtube.com/channel/UCkXgEcpoTE4tHsebYBouWpA,Meghan Trainor,Music & Dance,United States,12300000,19100,842.0,60.0
elliegoulding,http://youtube.com/channel/UCt-am4x4ZyeohfgM85qFgdQ,elliegoulding,Music & Dance,United States,12300000,9900,801.0,133.0
Gibby :),http://youtube.com/channel/UCY62oxtmOKk5-JLJOXBMWnA,Gibby :),Movies,Mexico,12300000,288400,12200.0,1200.0
1veritasium,http://youtube.com/channel/UCHnyfMqiRRG1u-2MsSQLbXA,Veritasium,Science & Technology,United States,12300000,3300000,175700.0,17700.0
Bela Bagunça,http://youtube.com/channel/UChYWDADhmWJU6_X7Vm7FzDw,Bela Bagunça,MoviesAnimation,Brazil,12300000,0,,
Blockbuster Movies,http://youtube.com/channel/UCW3VI9s3Dw8o1ekgjI3FCzw,Blockbuster Movies,Daily vlogs,India,12100000,163800,1400.0,27.0
KompasTVNews,http://youtube.com/channel/UC5BMIWZe9isJXLZZWPWvBlg,KOMPASTV,News & Politics,Indonesia,12100000,6200,48.0,13.0
thinkmusicindia,http://youtube.com/channel/UCLbdVvreihwZRL6kwuEUYsA,Think Music India,Music & Dance,India,12100000,28600,1300.0,16.0
Sony Music South,http://youtube.com/channel/UCn4rEMqKtwBQ6-oEwbd4PcA,Sony Music South,MoviesAnimation,India,12100000,510100,9300.0,374.0
FIFATV,http://youtube.com/channel/UCpcTrCXblq78GZrTUTLWeBw,FIFA,Sports,United States,12100000,46300,1900.0,62.0
whoisjimmy,http://youtube.com/channel/UC5f5IV0Bf79YLp_p9nfInRA,How Ridiculous,Video games,United States,12100000,3100000,84700.0,2900.0
TheDodoSite,http://youtube.com/channel/UCINb0wqPz-A0dV9nARjJlOQ,The Dodo,Animals & Pets,United States,12100000,446400,21000.0,819.0
NormanFaitDesVideos,http://youtube.com/channel/UCww2zZWg4Cf5xcRKG-ThmXQ,NORMAN FAIT DES VIDÉOS,MoviesAnimation,France,12100000,500800,35900.0,307.0
TheDaniRep,http://youtube.com/channel/UCHIwQiZhIn6fm5b_IilqBbQ,DaniRep | +6 Vídeos Diarios De GTA 5 Online!,AnimationVideo games,Mexico,12100000,134200,8700.0,159.0
officialjassrecords,http://youtube.com/channel/UC9Gjog4enoDWRWTaYuamx1g,Jass Records,Music & Dance,India,12100000,33800,2000.0,22.0
officialfuturevideos,http://youtube.com/channel/UCSDvKdIQOwTfcyOimSi9oYA,Future,Music & Dance,United States,12100000,4300000,115500.0,6300.0
ndtv,http://youtube.com/channel/UCZFMm1mMw0F81Z37aaEzTUA,NDTV,News & Politics,India,11900000,5600,80.0,25.0
Planet Earth INDIA,http://youtube.com/channel/UCMZ1mhXvZEhAEwVtAMmvioA,Planet Earth INDIA,Daily vlogs,India,11900000,35500,1800.0,114.0
DeGoBooM,http://youtube.com/channel/UCj9rK3jt8qmih4mZX0UL67g,DeGoBooM,MoviesAnimation,Mexico,11900000,581200,24700.0,261.0
gmanews,http://youtube.com/channel/UCqYw-CTd1dU2yGI71sEyqNw,GMA News,News & Politics,Philippines,11900000,7800,94.0,14.0
YairAuriazul,http://youtube.com/channel/UCXH1p4gixwXwrUGSx-WvLNQ,Yair17,MoviesAnimation,Mexico,11900000,474800,68300.0,1400.0
colinfurze,http://youtube.com/channel/UCp68_FLety0O-n9QU6phsgw,colinfurze,Video games,United States,11900000,1700000,104300.0,9400.0
TheInfographicsShow,http://youtube.com/channel/UCfdNM3NAhaBOXCafH7krzrA,The Infographics Show,Education,United States,11900000,305200,7700.0,603.0
Trakin Tech,http://youtube.com/channel/UCEPL07qzVsOcHd3sMUws65g,Trakin Tech,News & Politics,India,11900000,348600,22800.0,792.0
Troom Troom Indonesia,http://youtube.com/channel/UCtGmhXT_NSTK5j_r9a9xdYA,Troom Troom Indonesia,Music & DanceMovies,Indonesia,11900000,150200,1300.0,64.0
Panda,http://youtube.com/channel/UCj0sKQk9qjiIfNH22ZBWpxw,Panda,AnimationToys,India,11900000,572200,67300.0,1000.0
BanderitaX,http://youtube.com/channel/UCxEGVXh6fi-XYo58NZrbIHQ,BanderitaX,AnimationVideo games,Saudi Arabia,11900000,2200000,181800.0,6000.0
Americanvogue,http://youtube.com/channel/UCRXiA3h1no_PFkb1JCP0yMA,Vogue,Fashion,United States,11900000,185800,6700.0,274.0
jordanmatter,http://youtube.com/channel/UCKaCalz5N5ienIbfPzEbYuA,Jordan Matter,Music & DanceHumor,United States,11900000,11500000,180600.0,23600.0
TTfue,http://youtube.com/channel/UC9lSZSYpDDE18hoFA7YlBpw,Tfue,AnimationVideo games,United States,11900000,169800,7100.0,376.0
RaptorGamer,http://youtube.com/channel/UCS4OZlj8753fezBtH62TRDg,RaptorGamer,AnimationVideo games,Mexico,11900000,868300,39700.0,865.0
htbhakti,http://youtube.com/channel/UC3oQ1986eLZ4MhyPBiu54PA,Sonotek Bhakti,Music & Dance,India,11900000,28500,210.0,40.0
AvrilLavigne,http://youtube.com/channel/UC_k8KFBzEf0uQ8LRFSAgSUA,Avril Lavigne,Music & Dance,United States,11800000,177000,14200.0,805.0
NichLmao,http://youtube.com/channel/UC6VAIqNQBc7ggiqvsOHOBqw,NichLmao,Daily vlogs,United States,11800000,4900000,353700.0,2600.0
TastyCompot,http://youtube.com/channel/UC0cWWruNMb95iCBEOzPnjRA,Compot,Video games,Russia,11800000,1200000,56900.0,2200.0
geonews,http://youtube.com/channel/UC_vt34wimdCzdkrzVejwX9g,Geo News,News & Politics,Pakistan,11700000,3800,53.0,6.0
TsMadaan,http://youtube.com/channel/UCKjJXmZxk1SiTUQUB28KHpw,TsMadaan,Education,India,11700000,15200,1300.0,12.0
CNCO,http://youtube.com/channel/UCqtHOqxV71OQ-fmLdI8rBYw,CNCO,Music & Dance,Mexico,11700000,22200,5600.0,243.0
Yudist Ardhana,http://youtube.com/channel/UCvc00uetYIML9D-7BBrEXLA,Yudist Ardhana,Movies,Indonesia,11700000,341800,11500.0,361.0
MORGENSHTERN,http://youtube.com/channel/UCWnqnojAgMdN0fQpr_xByJw,MORGENSHTERN,Music & DanceMovies,Russia,11700000,1500000,109200.0,7700.0
TommyInnit,http://youtube.com/channel/UC5p_l5ZeB_wGjO_yDXwiqvw,TommyInnit,AnimationVideo games,United States,11700000,2400000,184700.0,11300.0
Nat and Essie,http://youtube.com/channel/UCzIdYMdAtTsWucGCZyZvN6w,Nat and Essie,Toys,United States,11700000,25600,259.0,
DANIEL EL TRAVIESO VIDEOS,http://youtube.com/channel/UCgSk89VX4QiKZsjS25FCBsQ,DANIEL EL TRAVIESO VIDEOS,AnimationHumor,Colombia,11700000,4000000,94800.0,2700.0
luansantanaoficial,http://youtube.com/channel/UC6rwiIxv0w2fbmmr66wl1rA,Luan Santana,Music & Dance,Brazil,11700000,9800000,83400.0,3800.0
Natti Natasha,http://youtube.com/channel/UCu59H8LNti6mwvcGRMge5PA,Natti Natasha,Music & Dance,United States,11700000,332200,93800.0,236.0
Narendra Modi,http://youtube.com/channel/UC1NF71EwP41VdjAU1iXdLkw,Narendra Modi,Science & TechnologyNews & Politics,India,11700000,37300,1500.0,102.0
MrTimbaVk,http://youtube.com/channel/UCp7wTrsCU7eICb5z69D3rwA,Timba Vk,AnimationVideo games,Mexico,11700000,689300,33500.0,852.0
emma chamberlain,http://youtube.com/channel/UC78cxCAcp7JfQPgKxYdyGrg,emma chamberlain,Food & Drinks,United States,11600000,5300000,492600.0,31700.0
elrubius,http://youtube.com/channel/UCcjIvuxmWlS5IEQ0JdPV4Ng,Rubius Z,MoviesAnimation,Argentina,11500000,1600000,119400.0,1200.0
Halsey,http://youtube.com/channel/UCOCgB3xd-B-1qAm-hR9OLrA,Halsey,News & Politics,United States,11500000,36000,4400.0,73.0
E-MasterSensei,http://youtube.com/channel/UC3osN7-7XJq3NEoKZIUUx0w,E-MasterSensei,MoviesVideo games,Mexico,11500000,989600,65700.0,3400.0
Jamuna TV,http://youtube.com/channel/UCN6sm8iHiPd0cnoUardDAnw,Jamuna TV,News & Politics,Bangladesh,11500000,33900,925.0,61.0
123 GO!,http://youtube.com/channel/UCBXNpF6k2n8dsI6nBH8q4sQ,123 GO!,DIY & Life Hacks,United States,11500000,1000000,8200.0,218.0
hoiitsroi,http://youtube.com/channel/UCNdqe5zJ6k-i7XKoYWA4Z2g,Wassabi,MoviesHumor,United States,11500000,73600,3800.0,373.0
FirstWeFeast,http://youtube.com/channel/UCPD_bxCRGpmmeQcbe2kpPaA,First We Feast,Food & Drinks,United States,11500000,264500,6700.0,477.0
MTV2,http://youtube.com/channel/UCrkzfc2yf-7q6pd7EtzgNaQ,Wild 'N Out,Music & DanceHumor,United States,11500000,256700,6700.0,205.0
FelipeViktor,http://youtube.com/channel/UCHuZmQ0lSW8TG81dVZZh5rw,LipaoGamer,MoviesAnimation,Brazil,11500000,137400,8900.0,146.0
Tiana,http://youtube.com/channel/UC6sSkkemzPjmrzS0Y0V_2zw,Tiana,Video gamesHumor,United Kingdom,11500000,207100,5300.0,476.0
Hero Movies 2022,http://youtube.com/channel/UCGzmSVjq_yQRgcgpA9SBTjw,Hero Movies 2022,Daily vlogs,India,11500000,30600,294.0,7.0
Луномосик,http://youtube.com/channel/UCdKEBeInDzinQ6MG2HkF7Gw,Луномосик,Video games,Russia,11500000,2100000,68800.0,2900.0
ExpCaseros,http://youtube.com/channel/UCoTyVfIkM-hjz4JauDoVvog,ExpCaseros,DIY & Life HacksFood & Drinks,Spain,11500000,62100,2200.0,153.0
CrazyRussianHacker,http://youtube.com/channel/UCe_vXdMrHHseZ_esYUskSBw,CrazyRussianHacker,AnimationToys,United States,11500000,62900,2200.0,84.0
Akon,http://youtube.com/channel/UC6IBMCQ6-d7p41KHxOsq4RA,Akon,Music & Dance,Brazil,11500000,85300,6800.0,524.0
VyQwaint,http://youtube.com/channel/UCmRY4NSGK52lP_Lz11CjdYw,Vy Qwaint,Video gamesHumor,United States,11500000,2000000,38200.0,4600.0
YoungBoy Never Broke Again,http://youtube.com/channel/UClW4jraMKz6Qj69lJf-tODA,YoungBoy Never Broke Again,Music & Dance,United States,11400000,5600000,273300.0,20400.0
blackeyedpeasvideo,http://youtube.com/channel/UCBFaOy1_APEXEyA6Gws_Y1g,Black Eyed Peas,Music & Dance,United States,11300000,174900,8300.0,163.0
realannoyingorange,http://youtube.com/channel/UCi-5OZ2tYuwMLIcEyOsbdRA,Annoying Orange,MoviesAnimation,United States,11300000,259600,8800.0,527.0
Star Casablanca | نجوم الدار البيضاء,http://youtube.com/channel/UCuvAFpR5uxoXF8G4OgKY0lQ,Star Casablanca | نجوم الدار البيضاء,Music & Dance,Iraq,11300000,30700,1600.0,155.0
CaptainSparklez,http://youtube.com/channel/UCshoKvlZGZ20rVgazZp5vnQ,CaptainSparklez,Video games,United States,11300000,167100,17200.0,708.0
Bispo Bruno Leonardo,http://youtube.com/channel/UCVNouUw3d3l5JYVCxhAQXKA,Bispo Bruno Leonardo,Music & Dance,Brazil,11300000,655900,238000.0,177800.0
UnspeakableGaming,http://youtube.com/channel/UCKYb5XBe-5OSEgLijLSoDtw,UnspeakableGaming,Video games,United States,11300000,581100,11300.0,874.0
epicfortnite,http://youtube.com/channel/UClG8odDC8TS6Zpqk9CGVQiQ,Fortnite,MoviesVideo games,United States,11300000,152800,6200.0,461.0
yogawithadriene,http://youtube.com/channel/UCFKE7WVJfvaHW5q283SxchA,Yoga With Adriene,Fitness,United States,11300000,302400,7900.0,395.0
Free Fire India Official,http://youtube.com/channel/UC4AB0_ectRryjCF_ugD0U8w,Free Fire India Official,Animation,India,11300000,81800,7800.0,323.0
TV9 Bharatvarsh,http://youtube.com/channel/UCOutOIcn_oho8pyVN3Ng-Pg,TV9 Bharatvarsh,News & Politics,India,11300000,8000,137.0,8.0
Republic Bharat,http://youtube.com/channel/UC7wXt18f2iA3EDXeqAVuKng,Republic Bharat,News & Politics,India,11300000,14200,,21.0
Magic Five,http://youtube.com/channel/UCEGfICV92gmM5w2t3gYfQDw,Magic Five,Travel,Russia,11300000,2000000,135500.0,7500.0
luzugames,http://youtube.com/channel/UCHkh8YFg0l4tkY6_zvzdd5w,luzugames,AnimationVideo games,Mexico,11300000,327400,44900.0,1200.0
TheViralFeverVideos,http://youtube.com/channel/UCNJcSUSzUeFm8W9P7UUlSeQ,The Viral Fever,MoviesHumor,India,11300000,1200000,56600.0,1300.0
hawkrecord,http://youtube.com/channel/UCOo61v1PPAjoN2exxYAzdAw,Single Track Studio,Music & Dance,India,11300000,1300000,44100.0,1800.0
elcarteldesantatv,http://youtube.com/channel/UCunw-c0EKIX5LpPo8GpA2Aw,elcarteldesantatv,Music & Dance,Mexico,11300000,103900,7100.0,342.0
BakLol Video,http://youtube.com/channel/UCQfE97UMDGgKCFb7iGM8Btg,BakLol Video,MoviesHumor,India,11100000,1000000,18200.0,1300.0
AlArabiya,http://youtube.com/channel/UCahpxixMCwoANAftn6IxkTg,AlArabiya العربية,News & Politics,Algeria,11100000,2900,52.0,13.0
watchcut,http://youtube.com/channel/UCbaGn5VkOVlcRgIWAHcrJKA,Cut,Humor,United States,11100000,404700,14600.0,569.0
RapGeniusVideo,http://youtube.com/channel/UCyFZMEnm1il5Wv3a6tPscbA,Genius,Music & DanceMovies,United States,11100000,27100,1100.0,140.0
oyabakatousan,http://youtube.com/channel/UCCKJzBnveLS7oLpS8Q4m2eg,"Sen, Momo, Ai & Shii's Channel",Daily vlogs,Japan,11100000,35200,147.0,
Mo Vlogs,http://youtube.com/channel/UC_hoQDD6zKcIqpIYLsFbBeA,Mo Vlogs,HumorAutos & Vehicles,India,11100000,342200,16600.0,1000.0
comedycentral,http://youtube.com/channel/UCUsN5ZwHx2kILm84-jPDeXw,Comedy Central,MoviesHumor,United States,11100000,31200,799.0,45.0
FilmTheorists,http://youtube.com/channel/UC3sznuotAs2ohg_U__Jzj_Q,The Film Theorists,Movies,United States,11100000,2300000,124100.0,6500.0
Virgínia Fonseca,http://youtube.com/channel/UCsaB2VrLZrtGbum6Eo0ClbA,Virgínia Fonseca,MoviesHumor,Brazil,11100000,554600,49300.0,895.0
ExplosmEntertainment,http://youtube.com/channel/UCWXCrItCF6ZgXrdozUS-Idw,ExplosmEntertainment,MoviesAnimation,United States,11100000,288700,16500.0,295.0
Pari's Lifestyle,http://youtube.com/channel/UCt_KDu-DtBqvIw7X-V7mlmQ,Pari's Lifestyle,Daily vlogs,India,11100000,1000000,12500.0,603.0
prantoniojunior,http://youtube.com/channel/UCKEM87jzVqdIfAdTr0xNBfA,Pastor Antônio Júnior,Music & Dance,Brazil,11100000,308900,73100.0,7200.0
jpgameplayfull,http://youtube.com/channel/UCYSrT9w_V_5wpEahYXTeXUw,JP Plays,Video games,Brazil,10900000,225200,11700.0,170.0
DemolitionRanch,http://youtube.com/channel/UCBvc7pmUp9wiZIFOXEp1sCg,DemolitionRanch,Video games,United States,10900000,1200000,61200.0,5200.0
Acenix,http://youtube.com/channel/UCH3h4jRKn3lJo0uORqqESPg,Acenix,Video games,Mexico,10900000,2000000,67800.0,2300.0
TygaTygaTV,http://youtube.com/channel/UC-Eh1lR_tWVtv9AvxLybMtQ,Tyga,Music & Dance,United States,10900000,0,,
XHuevaX,http://youtube.com/channel/UCe7VVljK2G15Bdxfr-xQoMw,Hueva,Video games,Mexico,10900000,529300,14900.0,594.0
mirandasings08,http://youtube.com/channel/UC1OFDlfdRb6ma1ZGZd07gWA,Miranda Sings,MoviesHumor,United States,10900000,152600,12000.0,1200.0
cbstvdinsideedition,http://youtube.com/channel/UC9k-yiEpRHMNVOnOi_aQK8w,Inside Edition,News & Politics,United States,10900000,222200,6000.0,718.0
Mrwhosetheboss,http://youtube.com/channel/UCMiJRAwDNSNzuYeN2uWa0pA,Mrwhosetheboss,Science & Technology,United States,10900000,3000000,152000.0,8500.0
Oum Walid,http://youtube.com/channel/UCVXD2kNki3rfLMhF8uNIcBQ,Oum Walid,Education,Algeria,10900000,492900,24500.0,1100.0
pinkfongko,http://youtube.com/channel/UCqXwKu6dKobXEQFhdKtiJLQ,핑크퐁 (인기 동요・동화),Education,South Korea,10900000,27800,122.0,
Doja Cat,http://youtube.com/channel/UCzpl23pGTHVYqvKsgY0A-_w,Doja Cat,Music & Dance,United States,10900000,615000,36900.0,1200.0
HikakinTV,http://youtube.com/channel/UCZf__ehlCEBPop-_sldpBUQ,HikakinTV,Music & DanceHumor,Japan,10900000,2600000,46300.0,1900.0
doctruyencotich,http://youtube.com/channel/UC6eq3sR4CtbvGdmInchzWUA,Kênh Thiếu Nhi - BHMEDIA,Music & DanceAnimation,United States,10900000,13400,49.0,
Área Secreta,http://youtube.com/channel/UCcFgREmujdPHvA7I_VOmgIA,Área Secreta,Movies,Brazil,10900000,136500,23500.0,1300.0
Dobre Brothers,http://youtube.com/channel/UCC3OGYxHwV8pB5yLobw9KdA,Dobre Brothers,MoviesHumor,United States,10900000,457900,18500.0,409.0
GamesEduUu,http://youtube.com/channel/UCYzp8-P162Em-3uZnCuGJOg,Games EduUu,MoviesToys,Brazil,10900000,1500000,206900.0,5800.0
Flamingo,http://youtube.com/channel/UCm-X6o81nRsXQTmqpyArkBQ,Flamingo,AnimationVideo games,United States,10900000,2000000,68700.0,7500.0
penguinz0,http://youtube.com/channel/UCq6VFHwMzcMXbuKyG7SQYIg,penguinz0,AnimationVideo games,United States,10800000,1200000,58600.0,3100.0
N1Noobtubers,http://youtube.com/channel/UC0avk6i7f9ZYFfORXMgZxlA,웃웃TwinsFromRussia,Daily vlogs,United States,10800000,94200,4900.0,21.0
brancoala,http://youtube.com/channel/UC0otZdGYsA9KqVKAcn2peQA,Brancoala,MoviesAnimation,Brazil,10800000,626700,13500.0,353.0
Experienced Mojaraba TV,http://youtube.com/channel/UCCvguzToWt3PYumFPRusUKg,Experienced Mojaraba TV,Health & Self HelpFood & Drinks,United States,10700000,0,,
sagahits,http://youtube.com/channel/UCuFwzKrS0wE43CSkyaHBGiQ,SagaHits,Music & Dance,India,10700000,283700,6700.0,102.0
NEXT9NEWS हर खबर आप तक,http://youtube.com/channel/UCRNmk0RhyeoHOgcB5xxgqBw,NEXT9NEWS हर खबर आप तक,News & Politics,India,10700000,2700,20.0,1.0
Jessica Jane,http://youtube.com/channel/UCFuM3BWlLM3YbLjkXBiJ8-A,Jessica Jane,Food & Drinks,Indonesia,10700000,1500000,65900.0,1800.0
Golemcito Games,http://youtube.com/channel/UC6Ij1c74Gm-TicYZsKL1FAw,Golemcito Games,MoviesAnimation,Peru,10700000,1800000,182800.0,4200.0
OfficiallyAnneMarie,http://youtube.com/channel/UCBL7ZxVX4GvW4CFiES_-0YA,Anne-Marie,Music & Dance,India,10700000,556600,26900.0,784.0
Slogomanify,http://youtube.com/channel/UCHdMK5Ef2El8KbD3L_WgANg,Slogo,Video games,United States,10700000,273800,12400.0,468.0
Vox,http://youtube.com/channel/UCLXo7UDZvByw2ixzpQCufnA,Vox,News & Politics,United States,10700000,1300000,32700.0,656.0
WarnerBrosPictures,http://youtube.com/channel/UCjmJDM5pRKbUlVIzDYYWb6g,Warner Bros. Pictures,MoviesAnimation,United States,10700000,20400,831.0,107.0
AdamThomasMoran,http://youtube.com/channel/UC-27_Szq7BtHDoC0R2U0zxA,AdamThomasMoran,Video gamesHumor,Russia,10700000,627600,50600.0,2000.0
GoProCamera,http://youtube.com/channel/UCqhnX4jA0A5paNd1v-zEysw,GoPro,Sports,United States,10700000,36300,1400.0,43.0
Lofi Girl,http://youtube.com/channel/UCSJ4gkVC6NrvII8umztf0Ow,Lofi Girl,Music & Dance,United States,10700000,84800,4500.0,161.0
Nao FunFun,http://youtube.com/channel/UCS3VJQpFmLbBd5qsWci9KPA,Nao FunFun,Daily vlogs,United States,10700000,5600,47.0,3.0
Ceylin - H Official,http://youtube.com/channel/UC_klp3SfMIWQHK0Q0HWKJuA,Ceylin - H Official,Music & Dance,Turkey,10700000,20200,,
stampylonghead,http://youtube.com/channel/UCj5i58mCkAREDqFWlhaQbOw,stampylonghead,Video games,United States,10700000,114100,5800.0,1100.0
Ben Azelart,http://youtube.com/channel/UCwVg9btOceLQuNCdoQk9CXg,Ben Azelart,Video gamesHumor,United States,10600000,9000000,236900.0,14400.0
aljazeerachannel,http://youtube.com/channel/UCfiwzLy-8yKzIbsmZTzxDgw,AlJazeera Channel قناة الجزيرة,News & Politics,Morocco,10500000,8100,142.0,41.0
MeKcanal,http://youtube.com/channel/UC4WvVh0AwJ6K9w1JLepce7A,Matheus e Kauan,Music & Dance,Brazil,10500000,388200,10400.0,204.0
tomiii 11,http://youtube.com/channel/UCzFJ9ZkjYpxWTSqX9cVXj4g,tomiii 11,Daily vlogs,Mexico,10500000,147000,19200.0,3100.0
TikTak Draw,http://youtube.com/channel/UCXW9I3tejb37PGHyHcQc6hA,TikTak Draw,Animation,Mexico,10500000,122600,6100.0,280.0
francinyehlke,http://youtube.com/channel/UCoTM-vvs2hnv2mCvzNJ5uXA,Franciny Ehlke,FashionDesign/art,Brazil,10500000,202400,22400.0,1300.0
BE AMAZED,http://youtube.com/channel/UCkQO3QsgTpNTsOw6ujimT5Q,BE AMAZED,Education,United States,10500000,343300,11100.0,852.0
PinaRecordsVideos,http://youtube.com/channel/UCmKSr4RkQLqPPxSh2Y2xEdQ,Pina Records,Music & Dance,Colombia,10500000,463100,19400.0,913.0
redbull,http://youtube.com/channel/UCblfuW_4rakIf2h6aqANefA,Red Bull,Sports,United States,10500000,84400,2700.0,60.0
BuzzFeedYellow,http://youtube.com/channel/UCay_OLhWtf9iklq8zg_or0g,As/Is,Daily vlogs,United States,10500000,13900,582.0,25.0
ChillStepNation,http://youtube.com/channel/UCM9KEEuzacwVlkt9JfJad7g,Chill Nation,Music & Dance,United States,10500000,34700,933.0,46.0
Milena Stepanienco - MILENINHA,http://youtube.com/channel/UCMQGjL7ft6aNLKPp5xN-P3A,Milena Stepanienco - MILENINHA,MoviesAnimation,Brazil,10500000,709700,5000.0,
sbtthenoite,http://youtube.com/channel/UCEWOoncsrmirqnFqxer9lmA,The Noite com Danilo Gentili,MoviesHumor,Brazil,10500000,14100,763.0,29.0
destinws2,http://youtube.com/channel/UC6107grRI4m0o2-emgoDnAA,SmarterEveryDay,Science & Technology,United States,10500000,808400,43400.0,2700.0
SaraBeautyCorner,http://youtube.com/channel/UC0YvTCy1I4_a-3pn47_5DBA,"SaraBeautyCorner - DIY, Comedy, Makeup, Nail Art",DIY & Life Hacks,United States,10500000,72000,4200.0,104.0
LA DIVAZA,http://youtube.com/channel/UCY_37NEvihrX3Te637OTxOg,LA DIVAZA,Music & DanceHumor,Mexico,10500000,995700,83200.0,2400.0
CJENMMUSIC,http://youtube.com/channel/UC_pwIXKXNm5KGhdEVzmY60A,Stone Music Entertainment,Music & DanceMovies,United States,10500000,5800,460.0,20.0
Caso Cerrado,http://youtube.com/channel/UCGbofRROopWrumVob5w61OA,Caso Cerrado,Animation,Mexico,10500000,359800,4200.0,153.0
Primitive Technology,http://youtube.com/channel/UCAL3JXZSzSm8AlZyD3nQdBA,Primitive Technology,DIY & Life Hacks,United States,10500000,2300000,146300.0,8300.0
Cris Devil Gamer,http://youtube.com/channel/UCd0neB_LB1xpwIYDetX2qTg,Cris Devil Gamer,MoviesAnimation,United States,10500000,499600,15100.0,385.0
ctctv,http://youtube.com/channel/UCdmauIL-k-djcct-yMrf82A,СТС,Video gamesHumor,Russia,10500000,78400,640.0,30.0
RDCGujarati,http://youtube.com/channel/UCuB7zkQVpcPKzHYJn45vM9w,RDC Gujarati,Music & Dance,India,10500000,27600,1200.0,19.0
HISHEdotcom,http://youtube.com/channel/UCHCph-_jLba_9atyCZJPLQQ,How It Should Have Ended,MoviesAnimation,United States,10400000,1100000,44600.0,2100.0
historychannel,http://youtube.com/channel/UC9MAhZQQd9egwWCxrwSIsJQ,HISTORY,Movies,United States,10300000,59500,1300.0,148.0
Joe HaTTab,http://youtube.com/channel/UCe6eisvsctSPvBhmincn6kA,Joe HaTTab,Movies,Somalia,10300000,2100000,299700.0,23500.0
atv,http://youtube.com/channel/UCUVZ7T_kwkxDOGFcDlFI-hg,atv,MoviesAnimation,Turkey,10300000,13400,118.0,8.0
TwinRoozi 쌍둥이 루지,http://youtube.com/channel/UCMa-5a4Hg3KnbiDOvhdfb3w,TwinRoozi 쌍둥이 루지,Daily vlogs,Indonesia,10300000,127700,,
AsapSCIENCE,http://youtube.com/channel/UCC552Sd-3nyi_tk2BudLUzA,AsapSCIENCE,Science & Technology,United States,10300000,132000,9800.0,370.0
KiKiDo,http://youtube.com/channel/UCWGK2_WVaXWv-QrkgT9-KDw,KiKiDo,Video gamesHumor,Russia,10300000,3400000,81300.0,2900.0
DalasReview,http://youtube.com/channel/UCgRr2pZaGeaZVN6LfbvQk9w,Dalas Review,Science & Technology,Mexico,10300000,649100,64599.0,7200.0
0214mex,http://youtube.com/channel/UCgMPP6RRjktV7krOfyUewqw,はじめしゃちょー（hajime）,Music & DanceHumor,Japan,10300000,1700000,36800.0,1400.0
cleanbandit,http://youtube.com/channel/UCvhQPdeTHzIRneScV8MIocg,Clean Bandit,Music & Dance,United States,10300000,20300,817.0,14.0
Sab Kuchh Sekho Jano,http://youtube.com/channel/UCFSwJWimyZf2nGhorMtigrw,Sab Kuchh Sekho Jano,News & Politics,India,10300000,18600,1000.0,47.0
Lorrayne Oliveira,http://youtube.com/channel/UC--FL6OwLFWGIZfLfazY4yA,Lorrayne Oliveira,AnimationHumor,Brazil,10200000,667300,30100.0,1100.0
NASAtelevision,http://youtube.com/channel/UCLA_DiR1FfKNvjuUpBHmylQ,NASA,News & PoliticsScience & Technology,United States,10100000,76300,3400.0,
Heroine Movies 2022,http://youtube.com/channel/UCUA8F-8W2qHvmRj5Xd-F8CQ,Heroine Movies 2022,Daily vlogs,India,10100000,233300,1600.0,17.0
Receitas de Pai,http://youtube.com/channel/UCF5WzS-iBJRfp_EcFI-GT1w,Receitas de Pai,Food & Drinks,Brazil,10100000,100100,12300.0,312.0
JessicaJulioeBaby,http://youtube.com/channel/UCqeXVpv9hfwxNgO9RaGceUw,Laurinha e Helena - Clubinho da Laura,MoviesAnimation,Brazil,10100000,178700,3800.0,81.0
Viki Show,http://youtube.com/channel/UCnm_vYgguleXm0FL4F2vejg,Viki Show,Video gamesToys,Russia,10100000,2700000,103000.0,4600.0
sadhguru,http://youtube.com/channel/UCcYzLCs3zrQIBVHYA1sK2sw,Sadhguru,Movies,India,10100000,115800,6600.0,143.0
Hindi Countdown,http://youtube.com/channel/UCk3GTZAJ3PLrVaz3qR74EcA,Hindi Countdown,Education,India,10100000,4800000,88500.0,1900.0
ARYNEWSofficial,http://youtube.com/channel/UCMmpLL2ucRHAXbNHiCPyIyg,ARY News,News & Politics,Pakistan,10100000,21900,559.0,50.0
Wylsacom,http://youtube.com/channel/UCt7sv-NKh44rHAEb-qCCxvA,Wylsacom,News & Politics,Russia,10100000,408800,16400.0,1400.0
вДудь,http://youtube.com/channel/UCMCgOm8GZkHp8zJ6l7_hIuA,вДудь,News & Politics,Russia,10100000,7700000,280800.0,35700.0
Ryan Trahan,http://youtube.com/channel/UCnmGIkw-KdI0W5siakKPKog,Ryan Trahan,Humor,United States,10100000,6300000,299500.0,20500.0
BBCArabicNews,http://youtube.com/channel/UCelk6aHijZq-GJBBB9YpReA,BBC News عربي,News & Politics,Morocco,10100000,21300,407.0,137.0
TomorrowlandChannel,http://youtube.com/channel/UCsN8M73DMWa8SPp5o_0IAQQ,Tomorrowland,Music & Dance,Brazil,10100000,17800,811.0,49.0
MTV,http://youtube.com/channel/UCxAICW_LdkfFYwTqTHHE0vg,MTV,Music & DanceMovies,United States,10100000,70900,2200.0,77.0
PineappleStormTV,http://youtube.com/channel/UCqrFwa5vueOTzGZ7NSlnvlQ,PineappleStormTV,Music & Dance,Brazil,10100000,308400,38100.0,1100.0
Christian Nodal,http://youtube.com/channel/UCtqOng3GVhQVu1Gl-3UlyAQ,Christian Nodal,Music & Dance,Mexico,10100000,0,,
miniminter,http://youtube.com/channel/UCWZmCMB7mmKWcXJSIPRhzZw,Miniminter,Video gamesHumor,United Kingdom,10100000,2800000,180700.0,3500.0
Sơn Tùng M-TP Official,http://youtube.com/channel/UClyA28-01x4z60eWQ2kiNbA,Sơn Tùng M-TP Official,Music & DanceAnimation,United States,10100000,6800000,448200.0,52500.0
VitalyzdTv,http://youtube.com/channel/UC1KPy3cAAj0i0RIFC_SzjMg,VitalyzdTv,Humor,United States,10100000,0,,
Talent Recap,http://youtube.com/channel/UCSWwb_YyNB8vuC1VDcfPPaQ,Talent Recap,Music & DanceMovies,United States,10100000,77800,1000.0,72.0
BERTH-OH,http://youtube.com/channel/UC2IDkGu61j_mwNJOc54Sb5w,BERTH-OH,Autos & Vehicles,Mexico,10100000,503600,25100.0,629.0
Patty Mayo,http://youtube.com/channel/UCEYLdM2bdhmw-TS3c0TjFNw,Patty Mayo,MoviesHumor,United States,10100000,413400,16500.0,533.0
Islam Populer,http://youtube.com/channel/UCXhg6jUrkGLiiwk7Zr13SuQ,Islam Populer,Education,Indonesia,10100000,58600,1700.0,146.0
singkingkaraoke,http://youtube.com/channel/UCwTRjvjVge51X-ILJ4i22ew,Sing King,Music & Dance,United States,10100000,17400,151.0,20.0
설기양SULGI,http://youtube.com/channel/UCIafb9ExBkh4WsCOagZssZA,설기양SULGI,ASMRFood & Drinks,United States,10000000,883700,20300.0,584.0
The Daily Show with Trevor Noah,http://youtube.com/channel/UCwWhs_6x42TyRM4Wstoq8HA,The Daily Show with Trevor Noah,News & Politics,United States,10000000,284800,8600.0,653.0
timesmusicindia,http://youtube.com/channel/UCo07fumrTn1w4AxcU4j_uDw,Times Music,Music & Dance,India,10000000,14200,569.0,29.0
EugenBro,http://youtube.com/channel/UCI-t7aBR9T38EzLaNNXLLqA,EugenBro,Video games,Russia,10000000,439100,24000.0,2600.0
barcroftmedia,http://youtube.com/channel/UCfwx98Wty7LhdlkxL5PZyLA,truly,News & Politics,United States,10000000,45100,,280.0
mamilosmolengas,http://youtube.com/channel/UC607Gii1uo93qDqiGR6-c3w,Mussoumano,Music & DanceAnimation,Brazil,10000000,961800,45900.0,2500.0
Family Box,http://youtube.com/channel/UC-jHNWViReG6R_kJ6b45FdQ,Family Box,Video games,Russia,10000000,303000,9200.0,424.0
makebymarimaria,http://youtube.com/channel/UCcHR0RvLYk33ppkjBw3UaEA,Mari Maria,FashionDIY & Life Hacks,Brazil,9900000,137200,10900.0,67.0
joycetanner,http://youtube.com/channel/UCEq2mmBydypRUvTlTgm_ghA,QPark,Music & DanceHumor,United States,9900000,79500,5400.0,151.0
shrutiarjunanand,http://youtube.com/channel/UCIsotCCdTjStPCLyD9iBCCQ,Shruti Arjun Anand,MoviesHumor,India,9900000,852500,22600.0,1200.0
ThePersica,http://youtube.com/channel/UCIXYyHANDvinQMIdauzSNJA,Orkun Işıtmak,Animation,Turkey,9900000,2100000,88900.0,3200.0
MBCkpop,http://youtube.com/channel/UCe52oeb7Xv_KaJsEzcKXJJg,MBCkpop,Music & Dance,Malaysia,9900000,10900,1200.0,78.0
OneRepublic,http://youtube.com/channel/UCi4EDAgjULwwNBHOg1aaCig,OneRepublic,Music & Dance,United States,9900000,879300,32200.0,526.0
Stray Kids,http://youtube.com/channel/UC9rMiEjNaCSsebs31MRDCRA,Stray Kids,Music & DanceMovies,United States,9900000,476500,69900.0,2200.0
panicopgm,http://youtube.com/channel/UCfxWYi2wFh4ma2uUCcH7VKg,Programa Panico,Toys,Brazil,9900000,18300,1200.0,33.0
htv2channel,http://youtube.com/channel/UCkna2OcuN1E6u5I8GVtdkOw,Vie Channel - HTV2,Music & Dance,United States,9900000,21500,132.0,7.0
Raditya Dika,http://youtube.com/channel/UC0rzsIrAxF4kCsALP6J2EsA,Raditya Dika,Food & Drinks,Indonesia,9800000,489900,23200.0,1100.0
Prince Royce,http://youtube.com/channel/UCAMpOm4QAk15tLyjuBNtQyg,Prince Royce,Music & Dance,United States,9800000,1100000,19100.0,441.0
Oneindia Hindi | वनइंडिया हिंदी,http://youtube.com/channel/UCOjgc1p2hJ4GZi6pQQoXWYQ,Oneindia Hindi | वनइंडिया हिंदी,News & Politics,India,9800000,2000,27.0,1.0
TeremokSongs,http://youtube.com/channel/UCqZZoXlUEki3H7_GCQrw53A,Теремок - Песенки для детей,Music & Dance,Russia,9800000,185100,1100.0,
IniTalkShow,http://youtube.com/channel/UCo1CFjot3CX97sn_ngJnGPg,Ini Talk Show,Music & DanceHumor,Indonesia,9800000,18600,430.0,36.0
buzzfeedblue,http://youtube.com/channel/UCBUVGPsJzc1U8SECMgBaMFw,BuzzFeed Multiplayer,AnimationVideo games,United States,9800000,17500,446.0,46.0
The Voice Global,http://youtube.com/channel/UCJYtYkiGldqX6Ne938j-k2g,The Voice Global,Music & Dance,United States,9800000,284000,6000.0,128.0
bhaktisongs,http://youtube.com/channel/UC7ZivIYRB0fMSGh-THcTYbw,Shemaroo Bhakti,Music & Dance,India,9800000,2500,52.0,6.0
Doctor Mike,http://youtube.com/channel/UC0QHWhjbe5fGJEPz3sVb6nw,Doctor Mike,Health & Self Help,United States,9800000,1900000,76800.0,3200.0
TheSyndicateProject,http://youtube.com/channel/UC1ieoHqKW-yYgDhLHIcx28w,Syndicate,Video games,United States,9700000,56600,2300.0,371.0
DELRECORDS,http://youtube.com/channel/UChYwYTzrhfxPfJPFWRlYwUg,DEL Records,Music & Dance,Mexico,9700000,724600,23200.0,354.0
